,key,count
0,,55419952
1,0,1558009
2,合计,1259344
3,项目,1155961
4,-,1155103
5,否,919870
6,期末余额,689163
7,0.00,602672
8,--,593228
9,期初余额,580152
10,其他,482895
11,是,430676
12,指,331240
13,本期发生额,283642
14,100.00%,274715
15,上期发生额,268473
16,男,256979
17,/,254117
18,无,216583
19,账面价值,215439
20,100.00,213148
21,不适用,212254
22,现任,186010
23,坏账准备,162764
24,金额,149037
25,董事,146419
26,——,144068
27,0.00%,135786
28,其中：,133075
29,其他收益,131582
30,1,129147
31,永续债,123168
32,应收账款,119734
33,账面余额,118505
34,人民币普通股,111052
35,1年以内,108914
36,独立董事,108853
37,其他应收款,104783
38,日,102528
39,其他应付款,100227
40,2,99953
41,5,98427
42,设立,96782
43,本期增加,96227
44,类别,95763
45,本期减少,95297
46,应付账款,94877
47,与资产相关,93652
48,减值准备,93357
49,货币资金,91847
50,其他综合收益,91291
51,账龄,90587
52,1.期初余额,89870
53,4.期末余额,89566
54,2.本期增加金额,89481
55,3,89298
56,与收益相关,88266
57,单位名称,87197
58,监事,84600
59,3.本期减少金额,84507
60,盈余公积,84007
61,100,82686
62,未分配利润,82124
63,名称,80886
64,固定资产,80636
65,小计,80616
66,其中：优先股,80590
67,减：库存股,78642
68,4,78438
69,专项储备,77562
70,递延收益,76576
71,资本公积,76469
72,营业收入,75075
73,递延所得税资产,75073
74,计提比例,72883
75,自有资金,72138
76,在建工程,71191
79,递延所得税负债,69955
80,期末余额账面余额,68394
81,女,68233
82,连带责任保证,67843
83,负债合计,65447
84,交易性金融资产,64920
85,4．其他,64547
86,应收票据,64117
87,比例,63396
88,经营活动产生的现金流量净额,63376
89,所有者权益合计,62850
90,离任,62807
91,3年以上,62243
92,短期借款,62176
93,长期借款,60850
94,无形资产,60178
95,存货,59379
96,—,58902
97,1至2年,58550
98,6,57994
99,其他权益工具,57926
100,合同负债,57034
101,关联方,55512
102,应收款项融资,55443
103,2至3年,55213
104,应付票据,54690
105,姓名,54062
106,项目名称,54014
107,预付款项,53786
108,应收股利,53272
109,投资性房地产,53018
110,其他权益工具投资,52405
111,期末账面余额,52154
112,其他流动资产,51501
113,7,51387
114,5年以上,51157
115,8,51002
116,长期应付款,50582
117,预收款项,50570
118,其他流动负债,50569
119,长期股权投资,50011
120,租赁负债,49988
121,少数股东权益,49377
122,交易性金融负债,49272
123,（1）计提,49059
124,其他非流动资产,48993
125,数量,48975
126,净利润,48878
127,一年内到期的非流动负债,48788
128,境内自然人,48435
129,期初余额账面余额,48245
130,应付股利,48070
131,其他非流动金融资产,47904
132,成本,47887
133,应交税费,47637
134,应付职工薪酬,47212
135,使用权资产,47151
137,年限平均法,46909
138,衍生金融负债,46641
139,合同资产,46425
140,公司,46315
141,长期待摊费用,45874
142,其他债权投资,45424
143,长期应收款,45255
144,预计负债,45077
145,比例(%),45019
146,利息收入,44637
147,投资设立,44607
148,应付债券,44539
149,衍生金融资产,43517
150,10,43391
151,（三）利润分配,43217
152,副总经理,43109
153,商誉,43050
154,其他变动,42944
155,（六）其他,42900
156,9,42893
157,"10,000,000.00",42839
158,6．其他,42770
159,收回或转回,42678
160,1．本期提取,42522
161,2．本期使用,42483
162,（五）专项储备,42370
163,债权投资,42254
164,计提,42222
165,股本,42170
166,100%,42163
167,其他非流动负债,42151
168,1．提取盈余公积,42030
169,核销金额,41937
170,资产总计,41896
171,开发支出,41742
172,非流动资产合计,41309
173,流动负债合计,41301
174,流动资产合计,41280
175,非流动负债合计,41228
176,流动负债：,41217
177,流动资产：,41099
178,非流动资产：,41089
179,财务费用,41085
180,持有待售资产,41067
181,非流动负债：,41061
182,长期应付职工薪酬,40883
183,董事长,40845
184,（一）综合收益总额,40721
185,生产性生物资产,40608
186,其中：应付利息,40583
187,2020年度,40579
188,持有待售负债,40535
189,子公司名称,40531
190,其中：应收利息,40515
191,（四）所有者权益内部结转,40133
192,油气资产,40074
193,2018年,40026
194,一年内到期的非流动资产,39476
195,"1,000,000.00",39315
196,3．盈余公积弥补亏损,39195
197,销售费用,39171
198,1．所有者投入的普通股,39035
199,加：会计政策变更,38829
200,前期差错更正,38680
201,管理费用,38289
202,一般风险准备,38072
203,营业成本,37786
204,"100,000.00",37617
205,额,37599
206,二、本年期初余额,37477
207,其中：美元,37350
208,四、本期期末余额,36682
209,研发费用,36423
210,序号,36309
211,3至4年,36033
212,（1）处置,35993
213,2019年度,35865
214,投资活动产生的现金流量净额,35633
215,2020年12月31日,35542
216,筹资活动产生的现金流量净额,35394
217,（二）所有者投入和减少资本,34750
218,同比增减,34101
219,2019年12月31日,34033
220,本期变动金额,33821
221,业务性质,33750
222,坏账准备期末余额,33711
223,注册地,33137
224,4至5年,32399
225,城市维护建设税,31871
226,"50,000,000.00",31745
227,往来款,31646
228,"20,000,000.00",31327
229,期初账面余额,31255
230,附注,31076
231,上海,30901
232,欧元,30632
233,四、账面价值,30618
234,任期起始日期,30488
235,三、减值准备,30481
236,银行,30418
237,（1）处置或报废,30342
238,"500,000.00",30238
239,"5,000,000.00",30000
240,坏账准备金额,29990
241,1.期末账面价值,29961
242,2.期初账面价值,29927
243,"200,000.00",29783
244,三、本期增减变动金额（减少以“－”号填列）,29726
245,减：所得税费用,29657
246,1年以内（含1年）,29260
247,投资活动现金流出小计,29095
248,投资活动现金流入小计,29068
249,经营活动现金流出小计,29047
250,筹资活动现金流出小计,29039
251,经营活动现金流入小计,29035
252,筹资活动现金流入小计,28902
253,子公司,28738
254,关联交易内容,28257
255,教育费附加,28176
256,股东名称,27948
257,1．资本公积转增资本（或股本）,27947
258,5．其他综合收益结转留存收益,27935
259,2．其他权益工具持有者投入资本,27833
260,任期终止日期,27712
261,4．设定受益计划变动额结转留存收益,27707
262,2．盈余公积转增资本（或股本）,27623
263,备注,27557
264,政府补助,27504
265,司,27413
266,核销,27390
267,同一控制下企业合并,27355
268,3．股份支付计入所有者权益的金额,26985
269,"2,000,000.00",26969
270,预计无法收回,26881
271,港币,26767
272,50,26748
273,"30,000,000.00",26720
274,本）,26588
275,本期计提,26405
276,"100,000,000.00",26306
277,本期增加金额,26204
278,房屋及建筑物,25741
279,增资本（或股,25605
280,本期金额,25357
281,中国,24990
282,项 目,24941
283,其他业务,24912
284,其他权益工具优先股,24885
285,销售商品,24880
286,原材料,24879
287,保证金,24850
288,召开日期,24796
289,一、上年期末余额,24766
290,说明,24423
291,非同一控制下企业合并,24385
292,25%,24358
293,计提理由,24236
294,计提比例(%),24205
295,收入,24197
296,款项性质,24081
297,主要经营地,24060
298,"50,000.00",24021
299,资产合计,23927
300,2021年度,23796
301,土地使用权,23632
302,资金来源,23533
303,"300,000.00",23476
305,间接,23424
306,流动负债,23405
307,11,23381
308,税金及附加,23313
309,综合收益总额,23210
310,所有者权益：,23171
311,负债和所有者权益总计,23160
312,披露日期,23095
313,非流动资产,23054
314,到期日,23025
315,51,22868
316,境内非国有法人,22867
317,1-2年,22832
318,长期,22780
319,电子信箱,22688
320,支付其他与经营活动有关的现金,22562
321,支付的各项税费,22533
322,投资支付的现金,22518
323,收到其他与经营活动有关的现金,22517
324,取得投资收益收到的现金,22499
325,偿还债务支付的现金,22464
326,减：营业外支出,22424
327,取得借款收到的现金,22419
328,收回投资收到的现金,22417
329,加：营业外收入,22414
330,支付其他与筹资活动有关的现金,22406
331,增值税,22392
332,购买商品、接受劳务支付的现金,22358
333,吸收投资收到的现金,22327
334,减少投资,22320
335,注册资本,22305
336,房产税,22301
337,收到其他与投资活动有关的现金,22262
338,收到的税费返还,22257
339,销售商品、提供劳务收到的现金,22246
340,支付其他与投资活动有关的现金,22224
341,非流动负债,22219
342,收到其他与筹资活动有关的现金,22217
343,减值准备期末余额,22207
344,分配股利、利润或偿付利息支付的现金,22201
345,五、现金及现金等价物净增加额,22197
346,计提比例（%）,22176
347,一、经营活动产生的现金流量：,22170
348,三、筹资活动产生的现金流量：,22170
349,二、投资活动产生的现金流量：,22166
350,加：其他收益,22163
351,期末账面价值,22123
352,六、期末现金及现金等价物余额,22116
354,资本,22100
355,其中：利息费用,22081
356,制造业,22060
357,加：期初现金及现金等价物余额,22030
358,调整数,21965
359,购建固定资产、无形资产和其他长期资产支付的现金,21947
360,四、汇率变动对现金及现金等价物的影响,21897
361,主营业务,21892
362,除上述各项之外的其他营业外收入和支出,21826
363,处置子公司及其他营业单位收到的现金净额,21821
364,取得子公司及其他营业单位支付的现金净额,21814
365,12,21785
366,处置固定资产、无形资产和其他长期资产收回的现金净额,21718
367,分行业,21590
368,资产减值损失（损失以“-”号填列）,21584
369,公允价值变动收益（损失以“－”号填列）,21573
370,信用减值损失（损失以“-”号填列）,21561
371,按组合计提坏账准备,21560
372,3．其他,21553
373,企业所得税,21525
374,机器设备,21475
375,其中：对联营企业和合营企业的投资收益,21469
376,计提减值准备,21414
377,买入返售金融资产,21317
379,分产品,21260
380,款项的性质,21164
381,15,21147
382,投资收益（损失以“－”号填列）,21082
383,代理买卖证券款,21006
384,形成原因,20990
385,执行董事,20948
386,拆入资金,20938
387,"3,000,000.00",20866
388,卖出回购金融资产款,20859
389,结算备付金,20787
390,香港,20751
391,5.00,20715
392,整个存续期预期信用损失,20695
393,---,20654
394,营业外收入,20625
395,监事会主席,20570
396,公司名称,20545
397,拆出资金,20483
398,2．提取一般风险准备,20475
399,发放贷款和垫款,20459
400,北京,20402
401,任职人员姓名,20287
402,机构,20193
403,2．对所有者（或股东）的分配,20174
404,银行理财产品,20148
405,向中央银行借款,20124
406,代理承销证券款,20097
407,被投资单位,20082
408,吸收存款及同业存放,20019
409,以公允价值计量且其变动计入当期损益的金融资产,19933
410,送股,19928
411,20,19901
412,应付手续费及佣金,19842
413,保险合同准备金,19838
414,计入当期非经常性损益的金额,19823
415,－,19820
416,应付分保账款,19816
417,应收分保账款,19814
418,应收保费,19797
419,应收分保合同准备金,19758
420,15%,19728
421,种类,19576
422,（3）企业合并增加,19496
423,利息支出,19385
424,公积金转股,19300
425,库存商品,19235
426,至今,19216
427,"10,000.00",18933
428,董事会秘书,18855
429,已收回,18791
430,银行承兑汇票,18674
431,履行的核销程序,18660
432,2018年12月31日,18649
433,49,18593
434,核销原因,18593
435,本期转回,18456
436,正常履行中,18320
437,00,18312
438,一、账面原值,18235
439,面值,18152
440,性别,18072
441,年龄,18025
442,1年以内小计,18007
443,合 计,17945
444,土地使用税,17857
445,持股比例,17850
446,实收资本（或股本）,17776
447,现金及现金等价物净增加额,17737
448,所有者权益（或股东权益）：,17697
449,电话沟通,17642
450,所有者权益（或股东权益）合计,17640
451,负债和所有者权益（或股东权益）总计,17555
452,2021年12月31日,17547
453,分地区,17501
454,差旅费,17493
455,57,17455
456,募集资金,17452
457,48,17368
458,印花税,17368
459,55,17336
460,52,17196
461,56,17126
462,（一）不能重分类进损益的其他综合收益,17094
463,第一阶段,17000
464,未偿还或结转的原因,16929
465,2-3年,16869
466,可供出售金融资产,16852
467,1.重新计量设定受益计划变动额,16760
468,临时股东大会,16755
469,新设,16754
470,2022年,16742
471,第三阶段,16740
472,(1)处置,16710
473,第二阶段,16694
474,2.权益法下不能转损益的其他综合收益,16668
475,职务,16641
476,益,16577
477,第一名,16577
478,归属于上市公司股东的净利润,16573
479,（二）将重分类进损益的其他综合收益,16535
480,占营业成本比重,16520
481,4.企业自身信用风险公允价值变动,16515
482,转销或核销,16490
483,第二名,16478
484,3．对所有者（或股东）的分配,16470
485,其他承诺,16430
486,的金额,16415
487,3.其他权益工具投资公允价值变动,16375
488,第三名,16346
489,（1）购置,16287
490,53,16274
491,40,16252
492,权益法核算的长期股权投资收益,16242
493,第四名,16239
494,1.权益法下可转损益的其他综合收益,16232
495,47,16223
496,会议届次,16190
497,权益法,16168
498,收回方式,16162
499,2017年,16134
500,第五名,16118
501,45,16071
502,2.其他债权投资公允价值变动,16047
503,营业收入比上年增减（%）,16027
504,5.00%,16021
505,担保到期日,15965
506,可抵扣亏损,15948
507,毛利率（%）,15941
508,"5,000",15921
509,以摊余成本计量的金融资产终止确认收益,15888
510,担保金额,15836
511,结构性存款,15789
512,担保起始日,15784
513,减：所得税影响额,15748
514,58,15732
515,担保额度,15723
516,2018年度,15717
517,非流动资产处置损益,15707
518,可抵扣暂时性差异,15702
519,13,15686
520,无形资产摊销,15684
521,联营企业,15683
522,二、联营企业,15638
523,毛利率比上年增减（%）,15620
524,营业成本比上年增减（%）,15570
525,46,15559
526,优先股,15473
527,54,15446
528,情况说明,15442
529,受限原因,15421
530,一、合营企业,15380
531,其他权益变动,15294
532,全资子公司,15222
533,按单项计提坏账准备,15187
534,利润总额,15127
535,其中：1年以内分项,15123
536,所得税费用,15055
537,"20,000.00",14954
538,实际利率,14923
539,流动资产,14882
540,摊余成本,14868
541,票面利率,14856
542,二、累计折旧,14855
543,项目(或被投资单位),14815
544,宣告发放现金股利或利润,14786
545,（2）其他转出,14779
546,未知,14764
547,权益法下确认的投资损益,14761
548,货款,14734
549,市场价,14721
550,期初余额账面余额金额,14663
551,担保类型,14660
552,业务招待费,14652
553,质押,14649
554,本期,14618
555,本期数,14550
556,款项是否由关联交易产生,14531
557,第一阶段未来12个月预期信用损失,14483
558,其他综合收益调整,14459
559,上期金额,14425
560,第三阶段整个存续期预期信用损失(已发生信用减值),14359
561,44,14356
562,净资产,14351
563,第二阶段整个存续期预期信用损失(未发生信用减值),14340
564,2019年金额,14313
565,"10,000",14231
566,在产品,14217
567,"5,000.00",14123
568,深圳,14084
569,25,14065
570,办公费,14050
571,期末余额账面余额金额,14039
572,总资产,14030
573,其他符合非经常性损益定义的损益项目,13995
574,长期有效,13943
575,担保是否已经履行完毕,13875
576,43,13857
577,补助,13810
578,巨潮资讯网,13778
579,5%,13772
580,"1,000",13769
581,承诺内容,13685
582,承诺方,13636
583,住宅,13617
584,国有法人,13589
585,14,13587
586,留存收益,13575
587,"200,000,000.00",13536
588,租赁资产种类,13410
589,成立日期,13377
590,个人,13361
591,42,13359
592,国籍,13350
593,上述股东关联关系或一致行动的说明,13346
594,"40,000,000.00",13300
595,变动原因,13290
596,商业承兑汇票,13275
597,与资产相关/与收益相关,13251
598,主要职业及职务,13234
599,承诺类型,13225
600,选举,13217
601,银行承兑票据,13195
602,处置长期股权投资产生的投资收益,13186
603,3．股份支付计,13092
604,2．盈余公积转,13086
605,2．其他权益工,13071
606,副总裁,13069
607,--转入第三阶段,13050
608,占营业收入比重,12976
609,1．资本公积转,12972
610,应收利息,12951
611,"30,000.00",12930
612,重大变动说明,12900
613,2019年末,12891
614,上海市,12878
615,4．设定受益计,12865
616,本期核销,12860
617,银行存款,12828
618,经营活动现金流量,12817
619,会计政策变更的内容和原因,12815
620,5．其他综合收,12813
621,账龄组合,12807
622,自筹,12778
623,持有至到期投资,12776
624,是否取得其他国家或地区居留权,12773
625,"15,000,000.00",12755
626,期初余额(账面价值),12748
627,--转入第二阶段,12747
628,列报项目,12744
629,具持有者投入,12742
630,"150,000.00",12741
631,60,12735
632,入所有者权益,12677
633,划变动额结转,12655
634,本期增减变动追加投资,12654
635,接受劳务,12633
636,益结转留存收,12589
637,取得方式,12576
638,加权平均净资产收益率,12552
639,披露索引,12542
640,一、账面原值：,12536
641,41,12527
642,一、上年年末余额,12521
643,提供劳务,12492
644,运输设备,12488
645,房地产开发,12485
646,审批程序,12466
647,"2,000",12442
648,原因,12410
649,支付给职工以及为职工支付的现金,12398
650,商业承兑票据,12395
651,2023年,12376
652,（一）基本每股收益,12276
653,（二）稀释每股收益,12264
654,任职状态,12263
655,聘任,12246
656,5.其他,12241
657,抵押借款,12152
658,"3,000",12139
659,上期发生额收入,12127
660,"400,000.00",12116
661,稀释每股收益（元/股）,12107
662,39,12094
663,少数股东权益影响额,12081
664,信用借款,12056
665,59,12043
666,采购商品,12014
667,类型,12006
668,净敞口套期收益（损失以“－”号填列）,12001
669,委托他人投资或管理资产的损益,12001
670,担保期,11987
671,资产处置收益（损失以“-”号填列）,11954
672,本期发生额收入,11941
673,实用新型,11932
674,关联关系,11921
675,长期待摊费用摊销,11904
676,7.其他,11865
677,5.现金流量套期储备,11854
678,6.外币财务报表折算差额,11844
679,市场价格,11794
680,数量（人）,11765
681,确定组合的依据,11764
682,借款单位,11744
683,本公司,11727
684,电话,11715
685,保证借款,11707
686,教育程度,11688
687,期末余额(账面价值),11681
688,其他单位名称,11680
689,财务总监,11660
690,备用金,11636
691,担保对象名称,11614
692,30,11604
693,押金保证金,11604
694,一、营业收入,11577
695,期末金额,11559
696,备查文件目录,11541
697,运输工具,11538
698,以公允价值计量且其变动计入当期损益的金融负债,11475
699,"1,500,000.00",11467
700,在建,11464
701,股票代码,11449
702,下列各项按持股比例计算的合计数,11445
703,股东性质,11437
704,2020年金额,11433
705,"60,000,000.00",11431
706,期末余额/本期发生额,11427
707,发行日期,11422
708,股票简称,11417
709,应收账款期末余额,11413
710,20%,11412
711,占总资产比例,11409
712,教育程度类别,11405
713,专业构成类别,11392
714,专业构成,11382
715,境内会计师事务所名称,11381
716,实地调研,11379
717,其他货币资金,11376
718,联系地址,11368
719,51.00%,11358
720,公司的中文名称,11347
721,公司的中文简称,11338
722,实际发生日期,11336
723,公司年度报告备置地点,11322
724,小 计,11305
725,归属于公司普通股股东的净利润,11286
726,公司的法定代表人,11276
727,折旧方法,11276
728,计税依据,11274
729,期初余额/上期发生额,11274
730,传真,11250
731,一、营业总收入,11248
732,38,11238
733,六、其他综合收益的税后净额,11217
734,七、综合收益总额,11216
735,未办妥产权证书的原因,11193
736,房屋建筑物,11163
737,补充资料,11157
738,(已发生信用减值),11150
739,上期,11146
740,减：营业成本,11141
741,八、每股收益：,11073
742,（一）按经营持续性分类,11069
743,六、综合收益总额,11069
744,（二）按所有权归属分类,11056
745,二、营业总成本,11051
746,五、其他综合收益的税后净额,11049
747,在其他单位担任的职务,11044
748,手续费及佣金收入,11029
749,手续费及佣金支出,11011
750,其中：营业成本,11008
751,母公司的控股子公司,10993
752,称,10989
753,公积,10987
754,"600,000.00",10982
755,其中：营业收入,10975
756,其中：子公司支付给少数股东的股利、利润,10974
757,税种,10973
758,总经理,10971
759,税率,10942
760,本期转销,10939
761,--转回第一阶段,10922
762,报告期利润,10907
763,资产减值准备,10905
764,四、利润总额（亏损总额以“－”号填列）,10898
765,6.3757,10894
766,"4,000,000.00",10885
767,归属于上市公司股东的扣除非经常性损益的净利润,10872
768,销售量,10871
769,1.持续经营净利润（净亏损以“－”号填列）,10867
770,财务人员,10866
771,四、净利润（净亏损以“－”号填列）,10863
772,本科,10847
773,二、营业利润（亏损以“－”号填列）,10844
774,证券事务代表,10843
775,可随时用于支付的银行存款,10843
776,其中：子公司吸收少数股东投资收到的现金,10835
777,（一）持续经营净利润（净亏损以“－”号填列）,10834
778,现金的期末余额,10831
779,七、每股收益：,10826
780,--转回第二阶段,10825
781,期末数,10822
782,工伤保险费,10812
783,支付利息、手续费及佣金的现金,10811
784,一、现金,10804
785,基本每股收益（元/股）,10804
786,回购业务资金净增加额,10800
787,销售人员,10793
788,其中：医疗保险费,10788
789,残值率,10786
790,拆入资金净增加额,10785
791,1．将净利润调节为经营活动现金流量：,10782
792,减：现金的期初余额,10782
793,三、利润总额（亏损总额以“－”号填列）,10778
794,二、累计摊销,10778
795,3.金融资产重分类计入其他综合收益的金额,10776
796,一、短期薪酬,10776
797,"1,000.00",10762
798,加：资产减值准备,10762
799,2.终止经营净利润（净亏损以“－”号填列）,10761
800,商业,10759
801,期末未分配利润,10755
802,投资损失（收益以“－”号填列）,10751
803,递延所得税费用,10748
804,加：本期归属于母公司所有者的净利润,10744
805,股份总数,10743
806,存货的减少（增加以“－”号填列）,10743
807,3．现金及现金等价物净变动情况：,10733
808,当期所得税费用,10729
809,调整后期初未分配利润,10727
810,1、基本养老保险,10726
811,2、失业保险费,10726
812,代理买卖证券收到的现金净额,10721
813,50.00,10719
814,扣除非经常性损益后归属于公司普通股股东的净利润,10719
815,财务费用（收益以“－”号填列）,10712
816,五、净利润（净亏损以“－”号填列）,10711
817,收取利息、手续费及佣金的现金,10706
818,拆出资金净增加额,10703
819,实际担保金额,10699
820,质押贷款净增加额,10694
821,年折旧率,10692
822,经营性应收项目的减少（增加以“－”号填列）,10691
823,客户贷款及垫款净增加额,10688
824,递延所得税资产减少（增加以“－”号填列）,10680
825,10.00,10677
826,债券名称,10675
827,经营性应付项目的增加（减少以“－”号填列）,10668
828,三、营业利润（亏损以“－”号填列）,10664
829,其他关联方名称,10664
830,法定盈余公积,10646
831,三、期末现金及现金等价物余额,10638
832,已赚保费,10630
833,向中央银行借款净增加额,10624
834,行政人员,10607
835,退保金,10607
836,2．不涉及现金收支的重大投资和筹资活动：,10605
837,保单红利支出,10602
838,分保费用,10602
839,支付保单红利的现金,10602
840,二、离职后福利-设定提存计划,10597
841,不可抵扣的成本、费用和损失的影响,10593
842,专利权,10590
843,赔付支出净额,10584
844,保户储金及投资款净增加额,10582
845,合同约定,10578
846,收到再保业务现金净额,10577
847,任期满离任,10574
848,（二）终止经营净利润（净亏损以“－”号填列）,10570
849,按法定/适用税率计算的所得税费用,10559
850,其中：库存现金,10555
851,支付原保险合同赔付款项的现金,10548
852,北京市,10548
853,存放中央银行和同业款项净增加额,10544
854,收到原保险合同保费取得的现金,10529
855,库存现金,10528
856,生产人员,10524
857,4.其他债权投资信用减值准备,10524
858,2021年1月1日余额在本期,10522
859,技术人员,10516
860,对子公司投资,10504
861,客户存款和同业存放款项净增加额,10492
862,处置固定资产、无形资产和其他长期资产的损失（收益以“－”号填列）,10484
863,向其他金融机构拆入资金净增加额,10478
864,其他关联方与本企业关系,10472
865,调整前上期末未分配利润,10445
866,生育保险费,10438
867,直接,10433
868,本期变动金额计提,10430
869,是否履行完毕,10412
870,归属于母公司所有者权益合计,10352
871,固定资产报废损失（收益以“－”号填列）,10337
872,16,10324
873,个人所得税,10309
874,资本溢价（股本溢价）,10296
875,期末余额应收账款,10289
876,组织机构代码,10280
877,子公司适用不同税率的影响,10277
878,"2,000.00",10233
879,递延所得税负债增加（减少以“－”号填列）,10197
880,固定资产折旧、油气资产折耗、生产性生物资产折旧,10176
881,（2）在建工程转入,10137
882,"6,000,000.00",10131
883,地方教育费附加,10107
884,折算汇率,10103
885,占其他应收款期末余额合计数的比例,10055
886,计入当期损益的金额,10016
887,职工监事,10016
888,加权平均净资产收益率（%）,10006
889,合营企业或联营企业名称,9998
890,6.5249,9992
891,主要经营业务,9954
892,处置交易性金融资产取得的投资收益,9946
893,担保方,9937
894,35,9880
895,37,9877
896,本期摊销金额,9862
897,董事、副总经理,9860
898,公允价值变动损失（收益以“－”号填列）,9825
899,非专利技术,9821
900,日期,9820
901,纳税主体名称,9816
902,行业分类,9816
903,本期比上年同期增减(%),9814
904,上海证券交易所,9784
905,应付利息,9762
906,其他减少金额,9747
907,债务重组损益,9706
908,2020年末,9678
909,"80,000,000.00",9670
910,上年同期数,9667
911,占应收账款期末余额合计数的比例,9665
912,软件,9664
913,对外捐赠,9661
914,负债项目,9647
915,高管锁定股,9644
916,本期未确认递延所得税资产的可抵扣暂时性差异或可抵扣亏损的影响,9643
917,支付给职工及为职工支付的现金,9634
918,www.sse.com.cn,9615
919,资产处置收益（损失以“－”号填列）,9599
920,预算数,9591
921,“－”号填列）,9583
922,期末外币余额,9577
923,2020年1月1日余额在本期,9539
924,担任的职务,9533
925,单位,9530
926,减：提取法定盈余公积,9506
927,追加投资,9503
928,36,9481
929,51.00,9470
930,（一）基本每股收益(元/股),9464
931,（二）稀释每股收益(元/股),9458
932,(未发生信用减值),9453
933,一、持续的公允价值计量,9450
934,交易性金融资产在持有期间的投资收益,9430
935,美元,9424
936,用损失,9418
937,质押借款,9413
938,第三层次公允价值计量,9389
939,0.01,9388
940,3%,9387
941,本期增减变动,9379
942,上年同期金额,9374
943,17,9358
944,本期新增补助金额,9348
945,人民币,9348
946,调整以前期间所得税的影响,9347
947,%,9345
948,占其他应收款期末余额合计数的比例(%),9339
949,消费税,9326
950,"20,000",9317
951,无法收回,9303
952,利息资本化累计金额,9302
953,期初金额,9289
954,未来12个月预期信,9287
955,净敞口套期收益（损失以“-”号填列）,9269
956,工程进度,9269
957,期末折算人民币余额,9253
958,原始取得,9213
959,应付普通股股利,9210
960,其他资本公积,9176
961,50.00%,9147
962,被担保方,9137
963,第二层次公允价值计量,9132
964,资产,9131
965,生产量,9126
966,库存量,9124
967,一、有限售条件股份,9124
968,融资租入固定资产,9117
969,投资,9116
970,年份,9112
971,制造费用,9112
972,除同公司正常经营业务相关的有效套期保值业务外，持有交易性金融资产、衍生金融资产、交易性金融负债、衍生金融负债产生的公允价值变动损益，以及处置交易性金融资产、衍生金融资产、交易性金融负债、衍生金融负债和其他债权投资取得的投资收益,9104
973,加：现金等价物的期末余额,9082
974,18,9077
975,6.9762,9076
976,合同分类,9074
977,其他应收款坏账损失,9069
978,减：现金等价物的期初余额,9053
979,"3,000.00",9017
980,1、人民币普通股,9014
981,2024年,9013
982,主要业务,9012
983,债务转为资本,9001
984,备的应收账款,8971
985,一年内到期的可转换公司债券,8968
986,与首次公开发行相关的承诺,8963
987,杭州,8963
988,是是,8905
989,√是 □否,8891
990,股东单位名称,8884
991,副董事长,8875
992,信用减值损失,8871
993,1年,8870
994,0.01%,8846
995,（2）权益工具投资,8830
996,余额,8822
997,期初数,8809
998,发行新股,8808
999,会议内容,8791
1000,成本构成项目,8790
1001,计入当期损益的对非金融企业收取的资金占用费,8777
1002,其中：本期利息资本化金额,8776
1003,归属于母公司所有者权益（或股东权益）合计,8749
1004,本期其他减少金额,8724
1005,其他权益工具投资在持有期间取得的股利收入,8715
1006,股,8711
1007,20.00,8704
1008,应收账款性质,8694
1009,公司网址,8690
1010,股份种类,8674
1011,"800,000.00",8627
1012,境内自然人持股,8625
1013,3、其他内资持股,8616
1014,变动比例（%）,8585
1015,被选举,8579
1016,逾期原因,8565
1017,母公司名称,8561
1018,在股东单位担任的职务,8558
1019,19,8549
1020,收回或转回金额,8548
1021,会议决议,8544
1022,被投资单位名称或形成商誉的事项,8540
1023,（1）债务工具投资,8526
1024,收购,8516
1025,租赁费,8506
1026,2021年12月31日余额,8504
1027,本期转入固定资产金额,8488
1028,集团兄弟公司,8486
1029,2018年金额,8480
1030,"500,000,000.00",8473
1031,办公地址,8437
1032,"150,000,000.00",8435
1033,逾期时间,8430
1034,2019年1月1日余额在本期,8411
1035,二、非持续的公允价值计量,8395
1036,使用前期未确认递延所得税资产的可抵扣亏损的影响,8380
1037,持股比例(%)直接,8350
1038,本期占总成本比例(%),8348
1039,设立或投资,8347
1040,2021年1月1日余额,8333
1041,周转材料,8321
1042,本期金额较上年同期变动比例(%),8306
1043,年末余额,8296
1044,本期计入其他收益金额,8285
1045,深圳证券交易所,8271
1046,期末终止确认金额,8254
1047,连带责任担保,8235
1048,银行理财,8233
1049,三、本期增减变,8231
1050,自有,8213
1051,是否发生减值及其判断依据,8208
1052,上年同期占总成本比例(%),8189
1053,"300,000,000.00",8184
1054,积,8178
1055,三、辞退福利,8160
1056,客户名称,8130
1057,毛利率,8093
1058,董事、总经理,8090
1059,科目,8080
1060,例,8075
1061,补助项目,8070
1062,非应税收入的影响,8037
1063,其他权益工具投资公允价值变动,8008
1064,动金额（减少以,8004
1065,发行金额,7995
1066,债券期限,7992
1067,应收账款坏账损失,7989
1068,负债,7977
1069,应纳税暂时性差异,7973
1070,本期计入营业外收入金额,7971
1071,减：利息收入,7966
1072,未分,7937
1073,同一控制下企业合并产生的子公司期初至合并日的当期净损益,7928
1074,10.00%,7926
1075,受托经营取得的托管费收入,7922
1076,与公司正常经营业务无关的或有事项产生的损益,7906
1077,1.00,7906
1078,2020年12月31日余额,7872
1079,贸易,7857
1080,中国证券监督管理委员会,7850
1081,"60,000.00",7850
1082,对外委托贷款取得的损益,7810
1083,--其他,7806
1084,转回或收回金额,7806
1085,应纳税所得额,7805
1086,承诺时间,7751
1087,"250,000.00",7751
1088,34,7749
1089,发出商品,7732
1090,"8,000,000.00",7729
1091,少数股东持股比例,7728
1092,营业税,7716
1093,限售原因,7709
1094,其中：存放在境外的款项总额,7705
1095,税后归属于母公司,7705
1096,营业利润,7683
1097,期末余额金额,7679
1098,第三季度,7662
1099,本期发行,7660
1100,2、国有法人持股,7657
1101,本期偿还,7655
1102,4、其他,7654
1103,第二季度,7644
1104,可随时用于支付的其他货币资金,7636
1105,出租方名称,7630
1106,车船使用税,7627
1107,营业收入（元）,7620
1108,期初余额金额,7611
1109,溢折价摊销,7611
1110,内部交易未实现利润,7610
1111,账面原值,7607
1112,控股子公司,7606
1113,董事姓名,7598
1114,三、股份总数,7597
1115,保本浮动收益型,7582
1116,第四季度,7581
1117,供应商名称,7572
1118,本期减少金额,7567
1119,企业取得子公司、联营企业及合营企业的投资成本小于取得投资时应享有被投资单位可辨认净资产公允价值产生的收益,7549
1120,0.02,7548
1121,4、外资持股,7548
1122,2020年1月1日余额,7544
1123,计入当期损益的政府补助（与企业业务密切相关，按照国家统一标准定额或定量享受的政府补助除外）,7542
1124,备,7540
1125,本期减少处置,7532
1126,每10股送红股数（股）,7524
1127,非货币性资产交换损益,7524
1128,产生公允价值变动收益的来源,7523
1129,折旧费,7516
1130,单独进行减值测试的应收款项、合同资产减值准备转回,7512
1131,广州,7501
1132,1、国家持股,7480
1133,投资单位,7479
1134,"25,000,000.00",7475
1135,归属于母公司股东权益,7473
1136,存货跌价准备/合同履约成本减值准备,7470
1137,3年,7470
1138,其中：境外法人持股,7464
1139,企业重组费用，如安置职工的支出、整合费用等,7456
1140,税后归属于少数股东,7445
1141,境外自然人持股,7441
1142,预付账款,7431
1143,累计折旧,7427
1144,2、境内上市的外资股,7425
1145,持续以公允价值计量的资产总额,7424
1146,采用公允价值模式进行后续计量的投资性房地产公允价值变动产生的损益,7400
1147,期末未终止确认金额,7399
1148,3、境外上市的外资股,7397
1149,其他综合收益合计,7372
1150,配利润,7367
1151,20.00%,7351
1152,服务业,7350
1153,是否为关联方担保,7349
1154,签字会计师姓名,7346
1155,注销,7346
1156,合并成本,7343
1157,按持股比例计算的净资产份额,7329
1158,美国,7327
1159,吨,7303
1160,–,7301
1161,21,7289
1162,33,7268
1163,"40,000.00",7263
1164,根据税收、会计等法律、法规的要求对当期损益进行一次性调整对当期损益的影响,7239
1165,天津,7232
1166,因不可抗力因素，如遭受自然灾害而计提的各项资产减值准备,7212
1167,交易价格显失公允的交易产生的超过公允价值部分的损益,7211
1168,承诺期限,7206
1169,成本法核算的长期股权投资收益,7196
1170,年初余额,7170
1171,登载年度报告的中国证监会指定网站的网址,7156
1172,稳岗补贴,7155
1173,合同履约成本,7155
1174,未到期余额,7154
1175,分红年度,7150
1176,直接材料,7144
1177,5年,7139
1178,其他应收款性质,7138
1179,债权投资在持有期间取得的利息收入,7134
1180,2018年末,7090
1181,同上,7086
1182,减：前期计入其他综合收益当期转入损益,7060
1183,关键管理人员报酬,7058
1184,3-4年,7052
1185,拟分配的利润或股利,7024
1186,履行情况,7001
1187,母公司的全资子公司,6991
1188,同一实际控制人,6984
1189,第一季度,6977
1190,押金,6942
1191,少数股东权益影响额（税后）,6930
1192,本期归属于少数股东的损益,6927
1193,）,6926
1194,注册地址,6889
1195,本期向少数股东宣告分派的股利,6879
1196,地方教育附加,6879
1198,"100,000",6872
1199,期末少数股东权益余额,6861
1200,其他设备,6858
1201,处置其他债权投资取得的投资收益,6857
1202,实际核销的应收账款,6854
1203,是否在公司关联方获取报酬,6851
1204,32,6845
1205,借款,6842
1206,在其他单位任职情况的说明,6822
1207,2019年12月31日余额,6822
1208,70,6806
1209,按面值计提利息,6783
1210,减：前期计入其他综合收益当期转入留存收益,6779
1211,"30,000",6754
1212,营业外支出,6727
1213,其他债权投资在持有期间取得的利息收入,6708
1214,变动金额,6706
1215,30.00,6693
1216,22,6686
1217,投资收益,6672
1218,A股,6664
1219,按组合计提坏账准备的应收账款,6656
1220,报告期内控股和参股的其他境内外上市公司的股权情况,6648
1221,61,6617
1222,65,6615
1223,并,6609
1224,处置,6608
1225,同一,6603
1226,电子设备,6581
1227,跌价准备,6575
1228,释义内容,6566
1229,--现金,6565
1230,释义项,6564
1231,"70,000,000.00",6542
1232,25.00%,6540
1233,500,6539
1234,处置债权投资取得的投资收益,6539
1235,"80,000.00",6535
1236,0.03,6528
1237,不适用不适用,6522
1238,30.00%,6521
1239,成都,6520
1240,本期确认的租赁费,6513
1241,（股）,6498
1242,年度股东大会,6494
1243,按组合计提坏账准,6488
1245,2019年1月1日余额,6483
1246,本,6479
1247,80,6465
1248,二、无限售条件股份,6462
1249,承租方名称,6455
1250,房屋、建筑物,6451
1251,处置其他权益工具投资取得的投资收益,6450
1252,营业收入合计,6444
1253,押金及保证金,6439
1254,财务报告,6434
1255,非财务报告,6423
1256,80.00%,6422
1257,会议类型,6413
1258,境内会计师事务所注册会计师姓名,6405
1259,24,6404
1260,境内会计师事务所审计服务的连续年限,6399
1261,定性标准,6395
1262,办公地址的邮政编码,6393
1263,注册地址的邮政编码,6392
1264,缺陷认定标准,6390
1265,上期确认的租赁费,6390
1266,会计师事务所名称,6387
1267,内部控制评价报告全文披露日期,6386
1268,归属于少数股东的综合收益总额,6381
1269,"1,200,000.00",6381
1270,境内会计师事务所注册会计师审计服务的连续年限,6379
1271,定量标准,6376
1272,当期领取薪酬员工总人数（人）,6375
1273,内部控制评价报告全文披露索引,6375
1274,专业构成人数（人）,6373
1275,采购额（元）,6372
1276,会计师事务所办公地址,6368
1277,期初余额可抵扣暂时性差异,6365
1278,直接人工,6362
1279,财务报告重大缺陷数量（个）,6361
1280,财务报告重要缺陷数量（个）,6358
1281,审计意见类型,6357
1282,销售额（元）,6356
1283,境内会计师事务所报酬（万元）,6356
1284,审计机构名称,6356
1285,保本浮动收益,6352
1286,非财务报告重大缺陷数量（个）,6349
1287,政府补助项目名称,6349
1288,期末账龄,6348
1289,母公司及主要子公司需承担费用的离退休职工人数（人）,6347
1290,注册会计师姓名,6345
1291,非财务报告重要缺陷数量（个）,6341
1292,协议约定,6336
1293,前10名无限售条件股东持股情况,6333
1294,持股5%以上的股东或前10名股东持股情况,6330
1295,80.00,6329
1296,投资账面价值合计,6329
1297,审计报告签署日期,6322
1298,占年度采购总额比例,6319
1299,前五名供应商合计采购金额占年度采购总额比例,6311
1300,保证金及押金,6306
1301,前五名供应商合计采购金额（元）,6303
1302,对联营、合营企业投资,6296
1303,商品类型,6290
1304,前五名客户合计销售金额占年度销售总额比例,6288
1305,占年度销售总额比例,6287
1306,控制下企业合,6287
1307,前五名客户合计销售金额（元）,6280
1308,会次数,6274
1309,金融资产,6272
1310,本期公允价值变动损益,6268
1311,报告期末持有无限售条件股份数量,6264
1312,"4,000",6260
1313,本年比上年增减,6256
1314,每10股转增数（股）,6251
1315,3.00%,6250
1316,本期确认的租赁收入,6237
1317,主营业务成本,6236
1318,经审议批准宣告发放的利润或股利,6226
1319,归属母公司所有者的其他综合收益的税后净额,6220
1320,一年内到期的非流动,6215
1321,审计报告文号,6211
1322,重要意见和建议,6205
1323,2.少数股东损益,6193
1324,二、存货跌价损失及合同履约成本减值损失,6193
1325,前五名供应商采购额中关联方采购额占年度采购总额比例,6192
1326,合营或联营企业名称,6188
1327,所得税影响额,6186
1328,经营活动产生的现金流量净额（元）,6182
1329,公司类型,6182
1330,--净利润,6180
1331,前五名客户销售额中关联方销售额占年度销售总额比例,6178
1332,汇兑收益（损失以“-”号填列）,6175
1333,本人,6173
1334,分红年度合并报表中归属于上市公司普通股股东的净利润,6172
1335,归属于上市公司股东的净利润（元）,6170
1336,-100.00,6165
1337,正常履行,6157
1338,起始日,6151
1339,未收回的原因,6149
1340,31,6146
1341,"50,000",6144
1342,纳入评价范围单位资产总额占公司合并财务报表资产总额的比例,6142
1343,投资者参与比例,6128
1344,2%,6123
1345,购买商品,6121
1346,与本企业关系,6118
1347,单位负责人或法定代表人,6117
1348,一、坏账损失,6094
1349,过去10年曾控股的境内外上市公司情况,6093
1351,奖励,6087
1352,上期确认的租赁收入,6077
1353,分部间抵销,6066
1355,董事长、总经理,6054
1356,外币财务报表折算差额,6053
1357,公司本部,6050
1358,归属于上市公司股东的净资产（元）,6048
1359,2021年金额,6038
1360,未到期,6031
1361,理财产品,6015
1362,"120,000,000.00",6006
1363,2021年末,6005
1364,公司的外文名称（如有）,6004
1365,折旧年限（年）,5995
1366,变动比例,5994
1367,--综合收益总额,5992
1368,归属于上市公司股东的扣除非经常性损益的净利润（元）,5987
1369,产生其他收益的来源,5987
1370,市场定价,5985
1371,预收账款,5980
1372,23,5979
1373,大专,5976
1374,汇兑损益,5971
1375,"12,000,000.00",5954
1376,联营企业：,5947
1377,3、社会保险费,5927
1378,0.04,5927
1379,境外法人,5920
1380,现金,5919
1381,4、住房公积金,5917
1382,报告期末普通股股东总数,5912
1383,2、职工福利费,5899
1384,调整事项,5893
1385,研发人员数量（人）,5886
1386,研发人员数量占比,5881
1387,比重增减,5881
1388,研发投入占营业收入比例,5879
1389,60.00%,5873
1390,一年以内,5863
1391,1、工资、奖金、津贴和补贴,5862
1392,收益,5859
1393,日元,5856
1394,"120,000.00",5854
1395,研发投入金额（元）,5853
1396,分部1,5852
1397,折旧年限,5850
1398,计入权益的累计公允价值变动,5848
1399,70.00%,5846
1400,情况,5845
1401,计,5840
1402,总额,5839
1403,合并日,5827
1404,在股东单位任职情况的说明,5820
1405,房屋,5815
1406,标准的无保留意见,5815
1407,股权取得方式,5815
1408,其他履行职责情况,5790
1409,.00,5787
1410,所得税税率,5778
1411,合营企业,5773
1412,承诺是否按时履行,5768
1413,"1,000,000,000.00",5754
1414,62,5752
1415,64,5751
1416,金融负债,5727
1417,28,5723
1418,香港中央结算有限公司,5713
1419,非关联方,5704
1420,本报告期应参加董事会次数,5703
1421,"15,000.00",5701
1422,--商誉,5697
1423,法定代表人/单位负责人,5696
1424,万元,5696
1425,关键审计事项,5689
1426,按经营地区分类,5687
1427,本期增加金额计提,5686
1428,5、工会经费和职工教育经费,5685
1429,资产处置收益的来源,5678
1430,分部2,5677
1431,（2）内部研发,5658
1432,本年末比上年末增减,5656
1433,2016年,5642
1434,0.02%,5639
1435,0.05,5633
1436,发明,5628
1437,63,5622
1438,27,5612
1439,4-5年,5612
1440,承诺背景,5592
1441,其中：境内法人持股,5592
1442,关于同业竞争、关联交易、资金占用方面的承诺,5591
1443,股份限售承诺,5585
1444,"700,000.00",5585
1445,计量类别,5580
1446,期末公允价值,5574
1447,承诺时间及期限,5557
1448,稀释每股收益,5553
1449,本期减少金额转回或转销,5550
1450,购买日账面价值,5548
1451,应收款项,5537
1452,会计差错更正的内容,5524
1453,29,5519
1454,0.06,5517
1455,合营企业：,5513
1456,26,5507
1457,"7,000,000.00",5500
1458,巨潮资讯网（www.cninfo.com.cn）,5486
1459,南京,5480
1460,是否有履行期限,5479
1461,收购报告书或权益变动报告书中所作承诺,5473
1462,列）,5467
1463,是否及时严格履行,5455
1464,60.00,5447
1465,无重大变化,5434
1466,销售,5434
1467,期末余额可抵扣暂时性差异,5433
1468,营业收入比上年同期增减,5433
1469,本期期末数,5431
1471,7.2197,5423
1472,--内部交易未实现利润,5422
1473,受同一母公司控制,5418
1474,二级,5409
1475,"15,000",5398
1476,二、将重分类进损益的其他综合收益,5388
1477,2020年1月1日,5386
1478,2019年1月1日,5383
1479,报告期内增减,5380
1480,上期期末数,5378
1481,拆借金额,5372
1482,2021年1月1日,5364
1483,累计利得,5361
1484,预计收取的时间、金额及依据,5359
1485,是否为关,5353
1486,重庆,5341
1487,累计损失,5336
1488,出席股东大会次数,5333
1489,其他债权投资公允价值变动,5331
1490,董事、监事、高级管理人员报酬的决策程序,5319
1491,终止经营的净利润,5319
1492,期初余额应纳税暂时性差异,5311
1493,直线法,5310
1494,发生额,5309
1495,上年年末余额,5309
1496,资产重组时所作承诺,5306
1497,董事、监事、高级管理人员报酬确定依据,5304
1498,组合名称,5303
1499,从公司获得的税前报酬总额,5301
1500,消耗性生物资产,5301
1501,http://www.cninfo.com.cn,5291
1502,担保额度相关公告披露日期,5290
1503,风险准备,5288
1504,非同一控制下合并,5288
1505,解除限售日期,5283
1506,二、现金等价物,5271
1507,联方担保,5267
1508,股权激励承诺,5265
1509,递延所得税资产和负债期末互抵金额,5256
1510,任免,5247
1511,是否连续两次未亲自参加董事会会议,5241
1512,对联营企业权益投资的账面价值,5237
1513,抵销后递延所得税资产,5228
1514,中国证监会,5225
1515,"2,500,000.00",5214
1516,固定资产清理,5213
1517,应付款项,5205
1518,期末公允价值第一层次公允价值计量,5202
1519,其他费用,5196
1520,董事、监事和高级管理人员报酬的实际支付情况,5193
1521,"4,000.00",5190
1522,主要工作经历,5190
1523,四、本期期末余,5188
1524,查询索引,5182
1525,期末余额应纳税暂时性差异,5175
1526,500.00,5169
1527,5-10,5168
1528,获批的交易额度,5162
1529,资金投向,5151
1530,客户一,5146
1531,公司的外文名称,5144
1532,同一最终控制方,5144
1533,纳入评价范围单位营业收入占公司合并财务报表营业收入的比例,5142
1534,一般,5131
1535,二、累计折旧和累计摊销,5128
1536,非经常性损益项目,5126
1538,（1）计提或摊销,5121
1539,委托出席次数,5119
1540,其他增减变动（股）,5114
1541,值,5102
1542,名称办公地址签字会计师姓名,5100
1543,期初持股数（股）,5097
1544,缺席次数,5095
1545,年末持股数,5094
1546,年初持股数,5093
1547,9.其他,5091
1548,缺席董事会次数,5086
1549,是否超过交易额度,5086
1550,被投资单位名称,5079
1551,公司的外文名称缩写（如有）,5076
1552,8.外币财务报表折算差额,5075
1553,本次变动前,5074
1554,元）,5072
1555,其他对公司中小股东所作承诺,5065
1556,其中：母公司或集团内子公司使用受限制的现金和现金等价物,5065
1557,拆入,5063
1558,首发限售,5058
1559,调整前,5057
1560,主要财务指标,5056
1561,年度内股份增减变动量,5054
1562,出资设立,5049
1563,本次变动后,5047
1564,增减变动原因,5045
1565,报告期内从公司获得的税前报酬总额（万元）,5040
1566,期末持股数量,5039
1567,0.07,5038
1568,主要会计数据,5034
1569,报告期末持股数量,5030
1570,境外,5029
1571,每股收益,5028
1572,66,5025
1573,报酬,5020
1574,本次现金分红情况,5019
1575,苏州,5016
1576,亲自出席次数,5013
1577,职务(注),5012
1578,利润分配或资本公积金转增预案的详细情况说明,5011
1579,3、企业年金缴费,5006
1580,（2）存货\固定资产\在建工程转入,5002
1581,"6,000",4998
1582,现聘任,4996
1583,其中：现场会议次数,4990
1584,是否独立董事,4987
1585,通讯方式召开会议次数,4985
1586,归属于上市公司股东的净资产,4983
1587,非同一控制企业合并资产评估增值,4981
1588,在职员工的数量合计,4980
1589,境内会计师事务所审计年限,4977
1590,硕士,4977
1591,境内会计师事务所报酬,4975
1592,母公司在职员工的数量,4974
1593,现场结合通讯方式召开会议次数,4972
1594,已完成,4971
1595,主要子公司在职员工的数量,4969
1596,客户二,4969
1597,年内召开董事会会议次数,4967
1598,报告期内增减变动情况,4965
1599,决议刊登的披露日期,4963
1600,公司的外文名称缩写,4962
1601,"900,000.00",4962
1602,2020年01月01日,4957
1603,公司办公地址,4956
1604,常用词语释义,4955
1605,0.03%,4955
1606,公司注册地址,4953
1607,首次公开发行或再融资时所作承诺,4953
1608,决议刊登的指定网站的查询索引,4952
1609,前十名无限售条件股东持股情况,4950
1610,分配预案的股本基数（股）,4948
1611,股票种类,4947
1612,公司办公地址的邮政编码,4946
1613,一年,4946
1614,执行董事兼总经理,4946
1615,重新计量,4945
1616,3、本期减少金额,4942
1617,本期期末金额较上期期末变动比例（%）,4941
1618,（1）外购,4941
1619,以通讯方式参加次数,4934
1620,期末限售股数,4934
1621,"90,000,000.00",4933
1622,本期期末数占总资产的比例（%）,4932
1623,债权项目,4932
1624,本期增持股份数量（股）,4928
1625,第三季度（7-9月份）,4922
1626,基本每股收益（元／股）,4919
1627,项,4919
1628,是否连续两次未亲自参加会议,4916
1629,使用权资产折旧,4913
1630,股东名称（全称）,4907
1631,第二季度（4-6月份）,4905
1632,上期期末数占总资产的比例（%）,4905
1633,期初限售股数,4905
1634,第一季度（1-3月份）,4904
1635,持有无限售条件流通股的数量,4902
1636,本期减持股份数量（股）,4902
1637,在其他单位是否领取报酬津贴,4902
1638,母公司及主要子公司需承担费用的离退休职工人数,4901
1639,职工代表监事,4901
1640,执行董事、总经理,4900
1641,期,4882
1642,公允价值,4880
1643,"6,000.00",4879
1644,变动幅度,4878
1645,稀释每股收益（元／股）,4877
1646,如未能及时履行应说明未完成履行的具体原因,4875
1647,现金分红金额（元）（含税）,4874
1648,现金分红总额（含其他方式）（元）,4871
1649,本期计提减值准备,4870
1650,前十名股东持股情况,4869
1651,扣除非经常性损益后的加权平均净资产收益率（%）,4862
1652,年度报告披露日前上一月末的普通股股东总数(户),4861
1653,无重大影响,4861
1654,如未能及时履行应说明下一步计划,4860
1655,二、职工福利费,4858
1656,三、社会保险费,4856
1657,四、住房公积金,4853
1658,正在办理中,4847
1659,扣除非经常性损益后的基本每股收益（元／股）,4844
1660,"400,000,000.00",4844
1661,工程物资,4837
1662,可分配利润（元）,4826
1663,报告期末全体董事、监事和高级管理人员实际获得的报酬合计,4822
1664,一、工资、奖金、津贴和补贴,4817
1665,同受最终控制方控制,4815
1666,购买日,4801
1667,主要产品,4800
1668,客户三,4792
1669,3.可供出售金融资产公允价值变动损益,4791
1670,公司股票简况,4788
1671,股份种类及数量种类,4784
1672,持有有限售条件股份数量,4782
1673,专业构成人数,4782
1674,厦门,4781
1675,期末,4780
1676,归属于上市公司股东的扣除非经常性损益后的净利润,4770
1677,10年,4770
1678,工业,4770
1679,房地产,4768
1680,五、工会经费和职工教育经费,4766
1681,控股股东,4765
1682,每股收益基本每股收益,4764
1683,2.少数股东损益（净亏损以“-”号填列）,4761
1684,调整后,4758
1685,3.00,4757
1686,第四季度（10-12月份）,4749
1687,上年同期投资额（元）,4749
1688,90,4746
1689,调整期初未分配利润合计数（调增+，调减－）,4735
1690,1.归属于母公司股东的净利润（净亏损以“-”号填列）,4734
1691,本期末比上年同期末增减（%）,4732
1692,4.金融资产重分类计入其他综合收益的金额,4732
1693,内部控制审计会计师事务所,4731
1694,国内,4730
1695,公司聘请的会计师事务所（境内）,4727
1696,提取保险责任合同准备金净额,4719
1697,担保物（如有）,4717
1698,前10名无限售流通股股东之间，以及前10名无限售流通股股东和前10名股东之间关联关系或一致行动的说明,4716
1699,资产：,4716
1700,按商品转让的时间分类,4710
1701,主营业务分地区情况,4708
1702,2019年01月01日,4706
1703,报告期投资额（元）,4705
1704,参加董事会情况本年应参加董事会次数,4699
1705,（二）归属于少数股东的综合收益总额,4699
1706,参加股东大会情况出席股东大会的次数,4695
1707,（一）归属于母公司所有者的综合收益总额,4689
1708,其中：三个月内到期的债券投资,4689
1709,尚未结算,4680
1710,0.08,4679
1711,股东的子公司,4679
1712,上述合计,4674
1713,（一）归属母公司所有者的其他综合收益的税后净额,4672
1714,现金分红总额（含其他方式）占利润分配总额的比例,4669
1715,1．不能重分类进损益的其他综合收益,4668
1716,"200,000",4667
1717,67,4665
1718,募集资,4664
1719,3-5,4662
1720,形成原因说明,4660
1721,5.持有至到期投资重分类为可供出售金融资产损益,4659
1722,（二）归属于少数股东的其他综合收益的税后净额,4658
1723,"45,000,000.00",4656
1724,七、78,4656
1725,2．将重分类进损益的其他综合收益,4647
1726,发放主体,4647
1727,使用权资产摊销,4646
1728,"35,000,000.00",4644
1729,提取任意盈余公积,4642
1730,股份状态,4640
1731,披露,4637
1732,提取一般风险准备,4634
1733,(1)购置,4628
1734,技术服务,4628
1735,（1）重新计量设定受益计划变动额,4627
1736,"9,000,000.00",4626
1737,主营业务分行业情况,4624
1738,（2）其他债权投资公允价值变动,4624
1739,、,4624
1740,客户四,4623
1741,负债：,4623
1742,计入当期损益的政府补助，但与公司正常经营业务密切相关，符合国家政策规定、按照一定标准定额或定量持续享受的政府补助除外,4618
1743,性质类型,4616
1744,况,4611
1745,应收票据坏账损失,4604
1746,（2）权益法下不能转损益的其他综合收益,4601
1747,资源税,4599
1748,变更前股票简称,4598
1749,（3）其他权益工具投资公允价值变动,4598
1750,6.其他债权投资信用减值准备,4597
1751,越权审批或无正式批准文件的税收返还、减免,4595
1752,执行事务合伙人,4592
1753,储备,4592
1754,分红标准和比例是否明确和清晰：,4589
1755,相关的决策程序和机制是否完备：,4589
1756,（1）权益法下可转损益的其他综合收益,4588
1757,重分类,4588
1758,独立董事是否履职尽责并发挥了应有的作用：,4585
1759,转回或转销,4580
1760,转作股本的普通股股利,4579
1761,是否符合公司章程的规定或股东大会决议的要求：,4578
1762,同期增减,4575
1763,现金分红政策的专项说明,4575
1764,投资管理,4570
1765,项目达到预定可使用状态日期,4569
1766,发放原因,4569
1767,每10股派息数（元）（含税）,4567
1768,整个存续期预期信用损,4566
1769,（4）企业自身信用风险公允价值变动,4564
1770,有组织排放,4560
1771,当期变动,4559
1772,70.00,4559
1773,0.09,4557
1774,存放同业款项,4553
1775,其他综合收益转入留存收益的金额,4553
1776,实际控制人姓名,4550
1777,本次变动增减（＋，－）,4547
1778,指定为以公允价值计量且其变动计入其他综合收益的原因,4542
1779,汇兑收益（损失以“－”号填列）,4541
1780,占利润总额比例,4538
1781,资金,4532
1782,本次变动增减（+、-）,4529
1783,相关公告,4529
1784,提取保险责任准备金净额,4524
1785,2021年01月01日,4521
1786,值准备,4520
1787,以其他方式（如回购股份）现金分红金额（元）,4512
1788,其他情况说明,4511
1789,立信会计师事务所（特殊普通合伙）,4509
1790,运输费,4507
1791,7.8155,4503
1792,是否具有可持续性,4495
1794,整个存续期预期信用损失(未发生信用减值),4491
1795,宁波,4489
1796,75,4487
1797,依据,4482
1798,比例（%）,4480
1799,"8,000",4480
1800,授权,4479
1801,分行业情况,4477
1802,客户五,4475
1803,归属于少数股东的其他综合收益的税后净额,4472
1804,现金分红政策进行调整或变更的，条件及程序是否合规、透明：,4472
1805,本次变动前数量,4472
1806,本次变动增减（＋，－）发行新股,4460
1807,承诺事由,4458
1808,本次变动后数量,4458
1809,（3）衍生金融资产,4457
1810,0.10,4454
1811,一、不能重分类进损益的其他综合收益,4450
1812,按单项计提坏账准备的应收账款,4448
1813,备注(受重要影响的报表项目名称和金额),4445
1814,非保本浮动收益型,4440
1815,www.cninfo.com.cn,4439
1816,取得的净资产,4437
1817,15.00,4437
1818,中小股东是否有充分表达意见和诉求的机会，其合法权益是否得到了充分保护：,4435
1819,发明专利,4431
1820,拆出,4431
1821,内容,4427
1822,与实际控制人关系,4423
1823,接待时间,4420
1824,境内,4419
1825,委托加工物资,4416
1826,2025年,4409
1827,购买,4409
1828,专项,4403
1829,武汉,4400
1830,合并,4394
1831,股份限售,4385
1832,本期出售金额,4384
1833,目,4378
1834,租赁,4376
1835,利润,4373
1836,修理费,4371
1837,购买日的确定依据,4370
1838,合同取得成本,4367
1839,本期增加企业合并形成的,4365
1840,四、一年内到期的其他福利,4356
1841,0.13,4354
1842,归属于母公司所有者的综合收益总额,4350
1843,股票上市交易所,4342
1844,事项概述,4342
1845,排放方式,4336
1846,接待方式,4333
1847,主营业务分产品情况,4327
1848,或形成商誉的事,4327
1849,公司或子公司名称,4326
1850,本次变动增减（+、一）发行新股,4324
1851,持续以公允价值计量的负债总额,4324
1852,1.归属于母公司股东的净利润,4323
1853,其他综合收益转入留存收益的原因,4321
1854,应缴流转税税额,4320
1855,0.04%,4312
1856,附注（如适用）,4305
1857,本期冲减成本费用金额,4293
1858,有）,4289
1859,-100.00%,4282
1860,否否,4275
1861,0.12,4274
1862,对当期利润的影响金额,4269
1863,分配,4268
1864,环境保护税,4264
1865,1-3年,4259
1866,49.00%,4249
1867,拆放同业款项,4247
1868,可用于支付的存放中央银行款项,4245
1869,对合营企业或联营企业投资的会计处理方法,4243
1870,受的政府补助除外）,4233
1871,期末已质押金额,4232
1872,本期利息资本化率,4231
1873,68,4227
1874,15.00%,4223
1875,工程累计投入占预算比例(%),4222
1876,1.00%,4222
1877,募集资金总额,4221
1878,无变更,4219
1879,个人投资者,4207
1880,应收退货成本,4202
1881,装修费,4201
1882,90.00%,4198
1883,母公司对本企业的持股比例,4195
1884,2015年,4191
1885,一级,4190
1886,"1,500",4189
1887,非流动资产处置损失合计,4184
1888,任意盈余公积,4182
1889,0.15,4177
1890,表决权恢复的优先股股东及持股数量的说明,4174
1891,变动情形,4174
1892,计入当期损益的政府补助（与企业业务密,4174
1893,股权取得时点,4172
1894,资本公,4168
1895,承诺投资项目,4163
1896,未到结算期,4161
1897,0.14,4156
1898,期初余额流动资产,4155
1899,本报告期投入金额,4146
1900,公司披露年度报告的媒体名称及网址,4142
1901,期末余额流动资产,4138
1902,本期利息资本化率(%),4137
1903,质押或冻结情况股份状态,4131
1904,(1)计提,4129
1905,本报告期实现的效益,4127
1906,0.11,4120
1907,"300,000",4117
1908,客户1,4116
1909,"3,500,000.00",4113
1910,其他关联方,4110
1911,切相关，按照国家统一标准定额或定量享,4108
1912,产品分类,4105
1913,中国香港,4105
1914,本年度收到的来自联营企业的股利,4101
1915,主要资产,4097
1916,8.0250,4096
1917,本期转销/核销,4095
1918,"40,000",4091
1919,在职员工的数量合计（人）,4090
1920,折旧及摊销,4090
1921,重大变化说明,4088
1922,独立董事姓名,4088
1923,0.50,4085
1924,母公司在职员工的数量（人）,4083
1925,以公允价值计量且其,4080
1926,主要子公司在职员工的数量（人）,4079
1927,本年发生额,4076
1928,分产品情况,4075
1929,长期应收款坏账损失,4073
1930,其中：固定资产处置损失,4071
1931,"350,000.00",4067
1932,公司选定的信息披露媒体的名称,4065
1933,"1,000,000",4048
1934,2年,4046
1935,持有有限售条件的股份数量,4043
1936,报告期内取得和处置子公司方式,4041
1937,办公设备,4041
1938,（三）其他权益工具投资,4039
1939,--其他综合收益,4034
1940,报酬确定方式,4032
1941,出售商品,4026
1942,六、短期带薪缺勤,4020
1943,折现率区间,4020
1944,40.00%,4019
1945,未来12个月预期信用损失,4014
1946,研发人员数量占公司总人数的比例（%）,4011
1947,非保本浮动收益,4010
1948,减：少数股东权益,4007
1949,"18,000,000.00",4001
1950,对整体生产经营和业绩的影响,3993
1951,接待对象类型,3991
1952,注1,3990
1953,公司对子公司的担保情况,3986
1954,教授,3985
1955,公司担保总额（即前三大项的合计）,3984
1956,200,3983
1957,七、短期利润分享计划,3966
1958,正在履行,3966
1959,减：坏账准备,3964
1960,变动计入当期损益的金融,3953
1961,本期增加限售股数,3951
1962,0.05%,3949
1963,母公司,3945
1964,客户2,3943
1965,存货跌价准备或,3940
1966,（或股东）的,3939
1967,购买日公允价值,3937
1968,子公司对子公司的担保情况,3934
1969,所得税税率（%）,3932
1970,"4,500,000.00",3928
1971,--非现金资产的公允价值,3924
1972,自建,3924
1973,总资产（元）,3920
1974,金,3920
1975,是否达到预计效益,3917
1976,换届选举,3916
1977,00.00,3911
1978,"450,000.00",3909
1979,转入当期损益,3908
1980,"60,000",3907
1981,关联交易定价原则,3906
1982,其中：固定资产处置利得,3906
1983,资产减值,3903
1984,独立董事出席董事会及股东大会的情况,3903
1985,0.18,3902
1986,"150,000",3902
1987,其他业务收入,3900
1988,是否经过法定程序,3891
1989,3．对所有者,3890
1990,上期发生额营业收入,3890
1991,非流动资产毁损报废损失,3882
1992,非流动资产处置利得合计,3869
1993,变动,3869
1994,账面价,3862
1995,新加坡,3858
1996,调研的基本情况索引,3857
1997,应计利息,3855
1998,25.00,3854
1999,补贴是否影响当年盈亏,3847
2000,合同履约成本减,3846
2001,6.00,3843
2002,期初,3843
2003,利息费用,3840
2004,专项储,3838
2005,"1,800,000.00",3831
2006,0.17,3827
2007,天健会计师事务所（特殊普通合伙）,3826
2008,1.以公允价值计量且变动计入当期损益的金融资产,3824
2009,接受捐赠,3821
2010,国外,3816
2011,0.22,3811
2012,0.19,3809
2013,(2)内部研发,3807
2014,董事会,3801
2015,客户3,3799
2016,是是是,3797
2017,（二）所有者,3797
2018,本期解除限售股数,3796
2019,减：库存,3794
2020,7%,3792
2021,关联交,3790
2022,股票上市证券交易所,3790
2023,"8,000.00",3788
2024,实际担保总额（即A4+B4+C4）占公司净资产的比例,3788
2025,0.16,3783
2026,水电费,3783
2027,研发投入合计,3781
2028,闲置自有资金,3777
2029,"25,000.00",3770
2030,控股股东名称,3769
2031,分销售模式,3769
2032,募集资金总体使用情况说明,3761
2033,超募资金投向,3753
2034,广州市,3751
2035,十一、商誉减值损失,3751
2036,报告期末实际担保余额合计（A4+B4+C4）,3750
2037,（万元）,3749
2038,公司及其子公司对外担保情况（不包括对子公司的担保）,3748
2039,天津市,3748
2040,(3)企业合并增加,3747
2041,研发投入总额占营业收入比例（%）,3746
2042,0.20,3737
2043,非财务报告是否存在重大缺陷,3736
2044,五、固定资产减值损失,3736
2045,0.25,3734
2046,本期计提的减值,3734
2047,报告期末已审批的担保额度合计（A3+B3+C3）,3733
2048,产品类型,3733
2049,"70,000.00",3730
2050,公允价值变动损益,3720
2051,购买日至期末被购买方的收入,3720
2052,"500,000",3717
2053,七、61,3717
2054,巨潮资讯网（http://www.cninfo.com.cn）,3716
2055,0.30,3715
2056,7.现金流量套期储备,3713
2057,本期发生金额,3709
2058,0.23,3707
2059,费用,3700
2060,报告期内审批担保额度合计（A1+B1+C1）,3698
2061,以公允价值计量且其变动计入当期损益,3696
2062,2.00,3696
2063,0.06%,3689
2064,本期增加计提,3689
2065,上期发生金额,3686
2066,闲置募集资金,3686
2067,一年内到期的长期借款,3684
2068,计提比,3682
2069,按单项计提坏账准,3681
2070,客户4,3678
2071,无无,3677
2072,第一层次公允价值计量,3673
2073,股权转让款,3670
2074,公司会议室,3670
2075,逾期未收回的金额,3667
2076,非持续以公允价值计量的资产总额,3666
2077,（五）,3665
2078,《中华人民共和国公司法》,3660
2079,本期购买金额,3659
2080,受同一最终控制方控制,3647
2081,2020年04月29日,3645
2082,2.出租的建筑物,3644
2083,0%,3641
2084,具体类型,3640
2085,非货币性资产交换损失,3639
2086,研发投入资本化的比重（%）,3638
2087,本期发生额营业收入,3634
2088,"250,000,000.00",3633
2089,募集方式,3632
2090,委托理财发生额,3630
2091,市场或客户类型,3630
2092,"90,000.00",3622
2093,合同类型,3621
2094,应纳流转税额,3618
2095,无形资产处置利得,3615
2096,募集年份,3611
2097,预收货款,3609
2098,现金分红金额（含税）,3609
2099,非持续以公允价值计量的负债总额,3598
2100,公司研发人员的数量,3596
2101,适用,3594
2102,无形资产处置损失,3592
2103,专用设备,3588
2104,重庆市,3588
2105,待转销项税额,3578
2106,方获取报酬,3575
2107,是否在公司关联,3574
2108,（二）,3574
2109,69,3569
2110,1.出租用的土地使用权,3569
2111,权益法核算,3563
2112,颗粒物,3559
2113,审计委员会,3558
2114,定期存款,3558
2115,《公司法》,3553
2116,房地产业,3550
2117,存在公开报价的联营企业权益投资的公允价值,3548
2118,（一）持有待售资产,3547
2119,浙江杭州,3547
2120,联营公司,3541
2121,未结算,3541
2122,40.00,3540
2123,（一）交易性金融资产,3536
2124,1.消耗性生物资产,3527
2125,2.生产性生物资产,3526
2126,3.持有并准备增值后转让的土地使用权,3523
2127,"750,000.00",3523
2128,0.24,3520
2129,折旧,3520
2130,本期确认的托管,3519
2131,其中：发行的交易性债券,3519
2132,非货币性资产交换利得,3517
2133,报告期内担保实际发生额合计（A2+B2+C2）,3515
2134,"80,000",3514
2135,财政拨款,3508
2136,报告期末对子公司实际担保余额合计（B4）,3507
2137,上交所,3507
2138,报告期内审批对子公司担保额度合计（B1）,3505
2139,以权益结算的股份支付计入资本公积的累计金额,3505
2140,服务费,3498
2141,加董事会次数,3497
2142,英镑,3496
2143,资产总额,3494
2144,上市日期,3493
2145,历次控股股东的变更情况（如有）,3491
2146,客户5,3489
2147,本期以权益结算的股份支付确认的费用总额,3489
2148,（四）,3485
2149,未超标,3476
2150,未办妥产权证书原因,3474
2151,募集资金承诺投资总额,3472
2152,应收暂付款,3469
2153,"180,000.00",3468
2154,母公司对本企业的持股比例(%),3465
2155,《中华人民共和国证券法》,3465
2156,发行数量,3463
2157,委托理财的资金来源,3462
2158,0.21,3460
2159,债权投资减值损失,3456
2160,0.10%,3455
2161,十七、4,3454
2162,主营业务收入,3448
2163,投资方式,3445
2164,现金分红总额（含其他方式）,3443
2165,排放口数量,3442
2166,其他债权投资减值损失,3438
2167,年化收益率,3431
2168,承诺来源,3429
2169,母公司对本企业的表决权比例(%),3426
2170,存货跌价准备或合同履约成本减值准备,3422
2171,年度报告披露日前上一月末表决权恢复的优先股股东总数（户）,3418
2172,房屋租赁,3417
2173,委托方/出包方名,3413
2174,2017年金额,3410
2175,"1,600,000.00",3405
2176,授予日权益工具公允价值的确定方法,3402
2177,期末余额账面余额 减值准备 账面价值,3399
2178,公司本期授予的各项权益工具总额,3391
2179,预计收益,3389
2180,占应收账款期末余额合计数的比例(%),3386
2181,"1,500.00",3384
2182,《证券法》,3383
2183,所有者,3382
2184,投入和减少资,3382
2185,企业发展基金,3381
2186,0.26,3375
2187,标准无保留意见,3375
2188,高中及以下,3373
2189,公司本期行权的各项权益工具总额,3371
2190,无法估计影响数的原因,3370
2191,公司本期失效的各项权益工具总额,3369
2192,0.07%,3365
2193,股权激励,3364
2194,以通讯方式参,3362
2195,90.00,3355
2196,0.08%,3354
2197,委托贷款,3353
2198,（一）,3352
2199,关联交易结算方式,3350
2200,武汉市,3350
2201,越权审批，或无正式批准文件，或偶发性的税收返还、减免,3343
2202,贴,3341
2203,"10,000,000",3336
2204,安全生产费,3333
2205,获准上市交易数量,3331
2206,1.以公允价值计量且变动计入当期损益的金融负债,3329
2207,0.29,3327
2208,可行权权益工具数量的确定依据,3321
2209,储备基金,3320
2210,报告期内对子公司担保实际发生额合计（B2）,3320
2211,自主研发,3318
2212,大额销货退回的详细情况,3317
2213,（6）外币财务报表折算差额,3313
2214,0.28,3307
2215,（5）现金流量套期储备,3296
2216,其中：权益法下可转损益的其他综合收益,3294
2217,受托方/承包方名,3292
2218,权益工具投资,3287
2219,本期计提金额,3285
2220,（4）其他债权投资信用减值准备,3284
2221,2.指定为以公允价值计量且变动计入当期损益的金融负债,3283
2222,0.8176,3283
2223,（7）其他,3282
2224,计提原因,3282
2225,设立取得,3282
2226,上述股东涉及委托/受托表决权、放弃表决权情况的说明,3280
2227,发行价格（或利率）,3275
2228,交易终止日期,3274
2229,银行转账,3273
2230,"600,000,000.00",3273
2231,确认的股利收入,3268
2232,受同一控股股东及最终控制方控制的其他企业,3267
2233,"7,000",3266
2234,生物资产,3265
2235,直销,3264
2236,0.27,3256
2237,2017年末,3256
2238,"160,000,000.00",3254
2239,履约保证金,3252
2240,72,3251
2241,同一母公司,3251
2242,71,3248
2243,本期发生额本期所得税前发生额,3246
2244,股权处置方式,3246
2245,募股资金,3245
2246,0.35,3244
2247,逾期未收回金额,3244
2248,期末余,3239
2249,持续督导期间,3238
2250,期末转应收账款金额,3233
2251,专科,3233
2252,超标排放情况,3231
2253,接待对象,3229
2254,本期费用化研发投入,3228
2255,营业成本比上年,3227
2256,截至期末累计投入金额(2),3222
2257,0.09%,3221
2258,（3）金融资产重分类计入其他综合收益的金额,3220
2259,华东地区,3217
2260,2.00%,3215
2261,"2,000,000",3214
2262,销售量比上年增减（%）,3213
2263,300,3209
2264,本期末累积未确认的损失,3207
2265,数,3203
2266,生产量比上年增减（%）,3202
2267,资本化研发投入占研发投入的比例,3200
2268,短期借款应付利息,3199
2269,"240,000.00",3199
2270,自筹资金,3195
2271,上期期末,3193
2272,权益合,3192
2273,其他应收款坏账准备,3190
2274,质押或冻结情况,3182
2275,预计使用寿命,3181
2276,受同一实际控制人控制,3181
2277,三、长期股权投资减值损失,3180
2278,排放浓度,3177
2279,与资产相关/,3177
2280,研发投入资本化的金额（元）,3175
2281,本期发生金额本期所得税前发生额,3175
2282,西安,3170
2283,经理,3169
2284,元,3169
2285,10%,3167
2286,以摊余成本计量的金融,3165
2287,0.38,3161
2288,期增减,3160
2289,本期已使用募集资金总额,3160
2290,负债总额,3159
2291,单独进行减值测试的应收款项减值准备转回,3159
2292,十、无形资产减值损失,3157
2293,01日,3155
2294,库存量比上年增减（%）,3154
2295,1年内到期的长期借款,3150
2296,补亏损,3149
2297,有限责任公司,3149
2298,与收益相关的政府补助,3148
2299,股份减持承诺,3147
2300,以其他方式现金分红金额占合并报表中归属于上市公司普通股股东的净利润的比例,3143
2301,本期估计与上期估计有重大差异的原因,3143
2302,平均年限法,3140
2303,本期资本化研发投入,3139
2304,公司上市以来主营业务的变化情况（如有）,3138
2305,注,3128
2306,逾期金额,3123
2307,尚未使用募集资金总额,3122
2308,深交所,3120
2309,债务重组收益,3120
2310,诉讼(仲裁)判决执行情况,3119
2311,0.33,3116
2312,一、上年期末余,3115
2313,0.31,3115
2314,"180,000,000.00",3115
2315,台,3109
2316,其中：衍生金融工具产生的公允价值变动收益,3100
2317,与资产相关的政府补助,3095
2318,上年同期,3094
2319,公司注册地址的邮政编码,3092
2320,3．盈余公积弥,3092
2321,000.00,3090
2322,现场出席董事会次数,3087
2323,未折现合同金额,3083
2324,提名委员会,3082
2325,2021年04月28日,3081
2326,股份,3081
2327,公司选定的信息披露媒体名称,3080
2328,调整后投资总额(1),3079
2329,反担保情况（如有）,3077
2330,现金分红的数额（含税）,3071
2331,保险费,3069
2332,截至期末投资进度(3)＝(2)/(1),3068
2333,单项计提坏账准备,3066
2334,受托/承包终止日,3066
2335,应收账款坏账准备,3066
2336,折旧与摊销,3064
2337,毛利率比上年同,3060
2338,接待地点,3060
2339,应付退货款,3060
2340,量,3059
2341,现金分红金额占合并报表中归属于上市公司普通股股东的净利润的比率,3056
2342,材料,3056
2343,对财务状况和经营成果的影响数,3053
2344,受托/承包起始日,3049
2345,0.32,3049
2346,截止报告期末普通股股东总数(户),3048
2347,收回,3048
2348,2. 指定以公允价值计量且其变动计入当期损益的金融资产,3047
2349,股权资产,3045
2350,"1,400,000.00",3037
2351,年度报告披露日前上一月末普通股股东总数,3034
2352,薪酬与考核委员会,3033
2353,关联交易类型,3032
2354,关联交易价格,3029
2355,已累计使用募集资金总额,3029
2356,浮动收益,3026
2357,0.34,3024
2358,盈余公,3023
2359,持股比例直接,3020
2360,合并成本合计,3018
2361,因研究开发、技术更新及改造等获得的补助,3018
2362,"12,000.00",3017
2363,减：取得的可辨认净资产公允价值份额,3015
2364,银行承兑汇票保证金,3010
2365,"75,000,000.00",3009
2366,关联交易,3007
2367,表决权比例,3006
2368,值准备的冲销部分）,3004
2369,非流动资产处置损益（包括已计提资产减,3003
2370,受托/承包资产类型,3003
2371,受托人,2999
2372,累计变更用途的募集资金总额比例,2999
2373,七、在建工程减值损失,2997
2374,被合并方名称,2993
2375,担保总额（A+B）,2991
2376,履行完毕,2990
2377,实际核销的其他应收款,2988
2378,公司担保总额情况（包括对子公司的担保）,2987
2379,0.36,2985
2380,被购买方名称,2985
2381,在股东单位是否领取报酬津贴,2983
2382,报告期内对子公司担保发生额合计,2983
2383,85,2982
2384,报告期末对子公司担保余额合计（B）,2982
2385,公司及其子公司对子公司的担保情况,2980
2386,0.42,2977
2387,4.00%,2972
2388,人,2970
2389,合并日的确定依据,2969
2390,担保总额占公司净资产的比例(%),2966
2391,尚未使用募集资金用途及去向,2964
2392,其他关联人,2964
2393,报告期末已审批的对子公司担保额度合计（B3）,2961
2394,"130,000,000.00",2960
2395,项目可行性发生重大变化的情况说明,2957
2396,1－2年,2955
2397,2020年12月,2955
2398,产品名称,2951
2399,3.50%,2951
2400,2022,2947
2401,股东大会,2947
2402,七、30,2944
2403,其中：重新计量设定受益计划变动额,2944
2404,金融工具,2943
2405,人工成本,2943
2406,其 他,2943
2407,预提费用,2942
2408,是否已变更项目(含部分变更),2941
2409,新设成立,2941
2410,"16,000,000.00",2940
2411,一、总体情况,2936
2412,执行中,2933
2413,2020年04月30日,2932
2414,借款利率,2930
2415,浙江,2928
2416,实际收益或损失,2927
2417,华东,2924
2418,《公司章程》,2922
2419,0.41,2918
2420,上述三项担保金额合计（C+D+E）,2918
2421,工程施工,2918
2422,0.12%,2914
2423,实际收回情况,2913
2424,担保总额超过净资产50%部分的金额（E）,2913
2425,股改承诺,2912
2426,，,2912
2427,为股东、实际控制人及其关联方提供担保的金额（C）,2910
2428,入和减少资本,2906
2429,广告宣传费,2904
2430,（二）所有者投,2902
2431,值),2902
2432,承诺投资项目小计,2899
2433,保证,2898
2434,押金、保证金,2898
2435,0.11%,2892
2436,综合收益,2892
2437,每10股派息数(元)（含税）,2889
2438,报告期末担保余额合计（A）（不包括对子公司的担保）,2885
2439,服务,2885
2440,处理程序,2884
2441,"7,500,000.00",2884
2442,企业合并形成的,2882
2443,参股公司,2879
2444,直接或间接为资产负债率超过70%的被担保对象提供的债务担保金额（D）,2878
2445,95,2876
2446,占合并报表中归属于上市公司普通股股东的净利润的比率(%),2875
2447,发行在外的,2874
2448,到期还本付息,2873
2449,担保情况说明,2872
2450,存货跌价准备,2871
2451,江苏,2869
2452,75.00%,2863
2453,理,2863
2454,73,2863
2455,委托出席董事,2862
2456,注2,2862
2457,法人股东名称,2860
2458,报告期内担保发生额合计（不包括对子公司的担保）,2860
2459,公司对外担保情况（不包括对子公司的担保）,2859
2460,中央汇金资产管理有限责任公司,2859
2461,成都市,2855
2462,报告期内变更用途的募集资金总额,2852
2463,首发前限售股,2852
2464,0.39,2852
2465,合同资产减值损失,2848
2466,执行的污染物排放标准,2845
2467,换届,2845
2468,"11,000,000.00",2843
2469,不适用不适用不适用,2843
2470,累积影响数,2841
2471,逾期利率,2840
2472,公允价值变动,2836
2473,差额,2836
2474,博士,2833
2475,二、分项投入,2832
2476,实际缴纳的流转税税额,2832
2477,一致行动（含协议、亲属、同一控制）,2829
2478,委托出席董事会次数,2826
2479,"14,000,000.00",2825
2480,预计处置费用,2824
2481,0.40,2823
2482,未到期担保可能承担连带清偿责任说明,2823
2483,权益法下不能转损益的其他综合收益,2823
2484,出售,2820
2485,0.13%,2815
2486,0.43,2813
2487,上述三项担保金额合计（D+E+F）,2810
2488,销售量生产量库存量,2809
2489,股数,2809
2490,本期发生金,2807
2491,排放总量,2806
2492,2－3年,2805
2493,78,2805
2494,"13,000,000.00",2804
2495,预计处置时间,2802
2496,库存股,2801
2497,信用损失,2798
2498,76,2798
2499,普通股股利,2797
2500,排放口分布情况,2795
2501,1年内到期的租赁负债,2792
2502,2021年04月27日,2792
2503,"2,400,000.00",2791
2504,预计难以收回,2791
2505,副总经理、董事会秘书,2788
2506,支行,2788
2507,0.37,2786
2508,发行在外的金融工具,2779
2509,战略委员会,2778
2510,2023,2777
2511,"1,100,000.00",2777
2512,动,2771
2513,递延所得税资产和负债,2770
2514,"160,000.00",2766
2515,三级,2766
2516,抵销后递延所得税资产或负债期末余额,2761
2517,杭州市,2761
2518,按销售渠道分类,2758
2519,2014年,2756
2520,银行手续费,2756
2521,2021年12月,2755
2522,直接或间接为资产负债率超过70%的被担保对象提供的债务担保余额（E）,2754
2523,0.45,2754
2524,本期未确认的损失（或本期分享的净利润）,2753
2525,全部权利,2753
2526,南京市,2751
2527,华北地区,2750
2528,股权取得成本,2749
2529,工程款,2748
2530,利率,2746
2531,（六）,2744
2532,本年增加,2744
2533,持有无限售条件的股份数量,2743
2534,2019年12月,2742
2535,四、投资性房地产减值损失,2738
2536,19.00,2737
2537,一般保证,2734
2538,有组织,2731
2539,上期发生金,2728
2540,委托/出包起始日,2728
2541,0.0,2727
2542,1年内到期的长期应付款,2726
2543,"110,000,000.00",2725
2544,预期收益(如有),2724
2545,74,2722
2546,研发人员学历结构,2722
2547,委托/出包终止日,2722
2548,资产终止确认收益（损失以“-”号填,2720
2549,商誉/合并成本小于取得的可辨认净资产公允价值份额的金额,2720
2550,合肥,2720
2551,同一控制下合并,2719
2552,损益,2717
2553,0.14%,2713
2554,六、工程物资减值损失,2713
2555,0.15%,2709
2556,氮氧化物,2705
2557,公司董事会办公室,2705
2558,"2,500",2704
2559,"24,000,000.00",2703
2560,个税手续费返还,2701
2561,有限售条件股东名称,2699
2562,报告期内履行持续督导职责的保荐机构,2699
2563,资产总额（元）,2697
2564,保荐机构办公地址,2695
2565,未来12个月预期,2693
2566,保荐代表人姓名,2692
2567,与重大资产重组相关的承诺,2692
2568,期初互抵金额,2691
2569,保荐机构名称,2688
2570,债务重组损失,2687
2571,手续费,2686
2572,"120,000",2686
2573,八、生产性生物资产减值损失,2686
2574,0.48,2683
2575,固定资产处置收益,2681
2576,委托/出包资产类型,2681
2577,"5,000,000",2673
2578,硕士及以上,2670
2579,或负债期初余额,2668
2580,九、油气资产减值损失,2668
2581,过去 10 年曾控股的境内外上市公司情况,2666
2582,为股东、实际控制人及其关联方提供担保的余额（D）,2661
2583,二、本年期初余,2660
2584,供应商一,2658
2585,披露索,2657
2586,批准程序,2657
2587,担保是否逾期,2657
2588,元、万元,2656
2589,以摊余成本计量的金融资产终止确认收益（损失以“-”号填列）,2653
2590,新增可上市交易股份数量,2652
2591,他,2651
2592,采用未来适用法的原因,2651
2593,华南地区,2651
2594,限售条件,2650
2595,诉讼,2648
2596,专项应付款,2648
2597,持有的有限售条件股份数量,2647
2598,"1,300,000.00",2647
2599,股东,2644
2600,担保逾期金额,2644
2601,"800,000,000.00",2644
2602,其他债权投资信用减值准备,2643
2603,其中：调整资本公积,2642
2604,股份支付,2640
2605,按合同期限分类,2639
2606,是否特殊补,2636
2607,独立非执行董事,2636
2608,"20,000,000",2635
2609,青岛,2634
2610,核定的排放总量,2633
2611,的普通股,2633
2612,持股比例（%）,2632
2613,非流动资产处置损益（包括已计提资产减值准备的冲销部分）,2632
2614,其,2629
2615,公司期末发行在外的股票期权行权价格的范围和合同剩余期限,2629
2616,回,2629
2617,个人原因,2627
2618,闲置两年以上募集资金金额,2624
2619,应收票据性质,2624
2620,0.46,2622
2621,公司国际互联网网址,2621
2622,担保总额超过净资产50%部分的金额（F）,2621
2623,大华会计师事务所（特殊普通合伙）,2621
2624,30%,2620
2625,8.00,2619
2626,供应商二,2618
2627,二、无限售条件流通股份,2618
2628,委托理财金额,2617
2629,1．所有者投入,2616
2630,3.80%,2614
2631,非同一控制企业合并,2614
2632,保证金、押金,2613
2633,Ⅱ类,2612
2634,共同经营名称,2611
2635,0.50%,2610
2636,递延所得税资产和负债期初互抵金额,2608
2637,0.49,2608
2638,连续排放,2607
2639,"12,000",2606
2640,是否,2603
2641,产生的公允价值变动损益，以及处置交易,2603
2642,现场出席董事,2602
2643,解决同业竞争,2601
2644,0.51,2601
2645,委托理财起始日期,2600
2646,通用设备,2600
2647,委托理财终止日期,2596
2648,短期应付债券,2592
2649,金融资产重分类计入其他综合收益的金额,2591
2650,非公开发行,2590
2651,累积未确认前期累计的损失,2590
2652,抵销后递延所得税资产或负债期初余额,2589
2653,1年以上,2588
2654,金融资产小计,2587
2655,解聘,2586
2656,借款抵押,2586
2657,债务重组利得,2583
2658,企业自身信用风险公允价值变动,2582
2659,"400,000",2578
2660,低值易耗品,2576
2661,36个月,2576
2662,如承诺超期未履行完毕的，应当详细说明未完成履行的具体原因及下一步的工作计划,2573
2663,披露日,2573
2664,0.44,2573
2665,福州,2572
2666,委托理财类型,2571
2667,企业合并中取得的权益比例,2570
2668,母公司对本企业的,2568
2669,咨询费,2568
2670,累计公允价值变动,2565
2671,股权转让,2564
2672,调整期初未分配利润合计数（调增+，调减-）,2563
2673,其中：境内非国有法人持股,2563
2674,转让,2562
2675,供应商三,2560
2676,担保方与上市公司的关系,2559
2677,募集资金投资项目先期投入及置换情况,2558
2678,0.47,2557
2679,或负债期末余额,2556
2680,（2）其他,2555
2681,担保发生日期(协议签署日),2555
2682,减值准备计提金额(如有),2550
2683,执行事务合伙人委派代表,2550
2684,减：按取得/处置的股权比例计算的子公司净资产份额,2550
2685,十二、其他,2549
2686,"9,000.00",2549
2687,七、76,2548
2688,期末数量,2547
2689,电子设备及其他,2543
2690,归属于母公司所有者权益,2543
2691,募集资金投资项目实施地点变更情况,2541
2692,任期届满,2541
2693,0.16%,2540
2694,占预付款项期末余额合计数的比例(%),2540
2695,本期减少数量,2538
2696,本期增加数量,2537
2697,比较期间被合并方的收入,2537
2698,华北,2531
2699,购买成本/处置对价合计,2531
2700,募集资金投资项目实施方式调整情况,2525
2701,以通讯方式参加董事会次数,2525
2702,0.53,2525
2703,年初限售股数,2525
2704,0.52,2525
2705,诉讼(仲裁)基本情况,2524
2706,年末限售股数,2522
2707,1.产业发展脱贫,2519
2708,住宅、商业,2517
2709,本年增加限售股数,2516
2710,招商银行,2515
2711,预缴企业所得税,2515
2712,资产减值损失,2512
2713,本年解除限售股数,2511
2714,次数,2510
2715,德国,2510
2716,监事会,2508
2717,本年减少,2508
2718,"3,000,000",2502
2719,生产,2500
2720,除同公司正常经营业务相关的有效套期保,2499
2721,供应商四,2497
2722,未决诉讼,2497
2723,处置以公允价值计量且其变动计入当期损益的金融资产取得的投资收益,2494
2724,材料费,2493
2725,资本化研发支出占研发投入的比例,2491
2726,研发支出资本化的金额（元）,2490
2727,0.17%,2485
2728,公司期末发行在外的其他权益工具行权价格的范围和合同剩余期限,2483
2729,"140,000,000.00",2482
2730,"2,500.00",2480
2731,披露日期（如有）,2480
2732,关联交易方,2478
2733,1年内到期的应付债券,2478
2734,0.56,2477
2735,拟达到的目标,2477
2736,销售货物,2477
2737,中国银行,2475
2738,2024,2473
2739,二氧化硫,2471
2740,计量预期信用损失的方法,2471
2741,期初数量,2471
2742,确认为无形资产,2470
2743,77,2467
2744,供应商五,2465
2745,资本化研发支出占当期净利润的比重,2464
2746,"25,000",2462
2747,项目进展,2461
2748,质押、标记或冻结情况股份状态,2461
2749,有限售条件股份可上市交易情况可上市交易时间,2461
2750,内部开发支出,2459
2751,合并当期期初至合并日被合并方的净利润,2458
2752,关联方往来款,2458
2753,0.20%,2457
2754,失(已发生信用减值),2456
2755,6个月以内,2456
2756,同受一方控制,2456
2757,引,2455
2758,0.19%,2455
2759,正在办理,2455
2760,指定以公允价值计量且其变动计入当期损益的金融资产,2450
2761,数（股）,2447
2762,方,2447
2763,土地增值税,2447
2764,处置可供出售金融资产取得的投资收益,2445
2765,4.75%,2444
2766,2020年04月28日,2442
2767,3.20%,2442
2768,累计在其他综合收益中确认的损失准备,2440
2769,前期,2438
2770,0.30%,2438
2771,正常,2438
2772,受影响的各个比较期间报表项目名称,2437
2773,控股股东姓名,2436
2774,股权投资,2434
2775,0.25%,2432
2776,计入当期损益的政府补助（与公司正常经营业务密切相关，符合国家政策规定、按照一定标准定额或定量持续享受的政府补助除外）,2432
2777,未来是否有委托理财计划,2430
2778,丧失控制权的时点,2430
2779,200.00,2429
2780,成员情况,2429
2781,委员会名称,2428
2782,"140,000.00",2425
2783,一年内到期的租赁负债,2423
2784,按公允价值计量的投资性房地产,2420
2785,前10名普通股股东参与融资融券业务情况说明（如有）（参见注4）,2420
2786,竣工,2420
2787,名称办公地址签字的保荐代表人姓名持续督导的期间,2420
2788,长沙,2418
2789,120,2415
2790,国内领先,2414
2791,公允价值计量,2414
2792,抵押,2413
2793,"1,500,000,000.00",2413
2794,300.00,2411
2795,0.60,2411
2796,"600,000",2411
2797,0.23%,2410
2798,"2,000,000,000.00",2406
2799,0.8416,2403
2800,0.18%,2401
2801,组合2,2398
2802,受托方/承包方名称,2398
2803,"55,000,000.00",2393
2804,二、存货跌价损失,2392
2805,整个存续期预期信用损失(已发生信用减值),2391
2806,披露索引（如有）,2391
2807,诉讼(仲裁)审理结果及影响,2389
2808,计提方法,2388
2809,资产类别,2386
2810,其他金融负债,2386
2811,盈余,2384
2812,"65,000,000.00",2382
2813,合作方,2380
2814,"21,000,000.00",2379
2815,http://www.sse.com.cn,2378
2816,0.21%,2377
2817,华南,2376
2818,管理层审批,2368
2819,"5,100,000.00",2367
2820,组合1,2366
2821,同受母公司控制,2366
2822,2020年第一次临时股东大会,2365
2823,0.58,2364
2824,关联方组合,2363
2825,期初余额面值,2363
2826,无锡,2363
2827,工程累,2362
2828,销售商品、提供劳务,2362
2829,"110,000.00",2360
2830,"7,000.00",2360
2831,期末余额面值,2359
2832,3.60%,2354
2833,4.00,2352
2834,81,2350
2835,50%,2349
2836,3.70%,2349
2837,"70,000",2347
2838,0.59,2346
2839,兴业银行,2345
2840,期末持股,2345
2841,0.54,2344
2842,99,2342
2843,有,2342
2844,有限,2341
2845,2026年,2339
2846,违反规定程序对外提供担保的说明（如有）,2338
2847,期末持股数（股）,2338
2848,因符合地方政府招商引资等地方性扶持政策而获得的补助,2336
2849,单位1,2332
2850,协议价,2331
2851,无。,2329
2852,82,2328
2853,79,2328
2854,丧失控制权时点的确定依据,2328
2855,0.64,2326
2856,项目目的,2325
2857,9.其他项目,2324
2858,七、66,2324
2859,0.55,2322
2860,资,2322
2861,8.社会扶贫,2321
2862,三、所获奖项（内容、级别）,2321
2863,西南地区,2321
2864,任期终止,2320
2865,0.63,2319
2866,交易价格与市场参考价格差异较大的原因（如适用）,2315
2867,正在履行中,2315
2868,委托方/出包方名称,2313
2869,公司披露年度报告的证券交易所网站,2312
2870,2021年04月29日,2312
2871,49.00,2308
2872,不适用。,2307
2873,尚未使用的募集资金用途及去向,2307
2874,七、59,2304
2875,.,2301
2876,"130,000.00",2300
2877,取得子公司支付的现金净额,2297
2878,年同期增减,2296
2879,0.22%,2295
2880,"22,000,000.00",2295
2881,报告期末在职员工的数量合计（人）,2294
2882,报告期末母公司在职员工的数量（人）,2293
2883,0.75,2292
2884,主要污染物及特征污染物的名称,2290
2885,经营活动现,2290
2886,报告期末主要子公司在职员工的数量（人）,2290
2887,预计对公司未来发展的影响,2289
2888,其他债权项目,2288
2889,88,2287
2890,战略投资者或一般法人因配售新股成为前10名股东的情况（如有）（参见注3）,2285
2891,长沙市,2285
2892,光伏发电,2284
2893,"28,000,000.00",2282
2894,金流量,2281
2895,2021年第一次临时股东大会,2281
2896,12个月,2281
2897,84,2278
2898,"75,000.00",2276
2899,保荐人,2275
2900,2.转移就业脱贫,2275
2901,银行借款,2275
2902,信永中和会计师事务所（特殊普通合伙）,2275
2903,分期付息到期还本的长期借款利息,2272
2904,理财产品收益,2272
2905,技术服务费,2269
2906,96,2269
2907,主要研发项目名称,2266
2908,购买成本/处置对价,2265
2909,副总经,2263
2910,毛利率比上年同期增减,2260
2911,物料消耗,2259
2912,公司注册地址历史变更情况,2256
2913,七、8,2256
2914,0.26%,2255
2915,董事出席董事会及股东大会的情况,2254
2916,无重大变动,2254
2917,3.40%,2253
2918,2020年度归属于母公司所有者权益实收资本(或股本),2251
2919,3-10,2251
2920,企业合并,2250
2921,该事项在审计中是如何应对的,2249
2922,"2,100,000.00",2246
2923,83,2244
2924,的原因,2244
2925,3.30%,2244
2926,出口退税,2243
2927,指标,2239
2928,0.32%,2233
2929,本期公允价值变动,2232
2930,800,2230
2931,制造,2229
2932,承诺,2229
2933,计投入占预算,2228
2934,执行董事、经理,2228
2935,因抵押、质押或冻结等对使用有限制的款项总额,2227
2936,无无无,2225
2937,2019年年度股东大会,2224
2938,是否关联交易,2220
2939,投资金额,2217
2940,协议,2217
2941,递延收益、其他收益,2215
2942,用闲置募集资金暂时补充流动资金情况,2214
2943,合伙人,2212
2944,处置子公司收到的现金净额,2212
2945,0.57,2211
2946,0.24%,2210
2947,华中地区,2209
2948,0.35%,2209
2949,98,2205
2950,0.8958,2205
2951,5.健康扶贫,2204
2952,7.兜底保障,2204
2953,的净利润,2203
2954,交易产生,2200
2955,待转销项税,2198
2956,营业成本比上年同期增减,2197
2957,款项是否由关联,2197
2958,首发后限售股,2190
2959,工商银行,2188
2960,资产处置收益,2187
2961,因符合地方政府招商引,2185
2962,硕士研究生,2184
2963,87,2183
2964,以公允价值计量且其变动计入当期损益的金融资产在持有期间的投资收益,2183
2965,0.73,2181
2966,II,2181
2967,集资金总,2179
2968,3.易地搬迁脱贫,2179
2969,20年,2179
2970,本报告期,2177
2971,"360,000,000.00",2175
2972,0.66,2171
2973,的投资收益,2171
2974,履行中,2171
2975,0.27%,2168
2976,92,2168
2977,"550,000.00",2168
2978,澳元,2168
2979,承诺投资项目和超募资金投向,2161
2980,单位2,2159
2981,产品质量保证,2159
2982,600,2159
2983,6.生态保护扶贫,2158
2984,其他其他,2157
2985,七、41,2156
2986,3.85%,2155
2987,2021年10月27日,2155
2988,七、39,2155
2989,担保,2155
2990,4.75,2154
2991,现金流量套期储备,2154
2992,财务负责人,2153
2993,0.72,2147
2994,元、万元、亿元,2143
2995,0.29%,2142
2996,关联,2140
2997,报告期末表决权恢复的优先股股东总数（如有）（参见注8）,2139
2998,2019年第一次临时股东大会,2138
2999,"240,000,000.00",2138
3000,型,2137
3001,19.00%,2135
3002,投标保证金,2134
3003,"18,000.00",2134
3004,0.31%,2133
3005,0.61,2131
3006,0.28%,2130
3007,"50,000,000",2130
3008,"360,000.00",2129
3009,差错更正,2128
3010,2021年04月30日,2127
3011,0.68,2126
3012,存股,2125
3013,华中,2123
3014,拟解除限售日期,2121
3015,投资期限,2121
3016,产品,2121
3017,研发人员年龄构成,2120
3018,30岁以下,2120
3019,"5,500,000.00",2119
3020,待抵扣进项税,2118
3021,丧失控制权之日剩余股权的账面价值,2117
3022,3.10%,2115
3023,93,2113
3024,89,2112
3025,账 龄,2110
3026,6个月,2110
3027,"0,000.00",2109
3028,2021年10月28日,2109
3029,七、5,2108
3030,股票,2108
3031,0.67,2106
3032,权益,2105
3033,1.交易性金融资产（不含衍生金融资产）,2104
3034,以摊余成本计量的金融资产,2104
3035,累计变更用途的募,2103
3036,--购买日之前持有的股权于购买日的公允价值,2103
3037,董事、副总裁,2102
3038,150,2100
3039,86,2100
3040,失(未发生信用减值),2099
3041,是否涉诉,2099
3042,"280,000.00",2099
3043,0.34%,2097
3044,七、1,2097
3045,氨氮,2096
3046,西南,2095
3047,其他税费,2094
3048,股份数量,2093
3049,初始投资成本,2092
3050,十七、2,2087
3051,价值变动,2087
3052,0.62,2087
3053,报告期内购入金额,2085
3054,策变更,2083
3055,16.5%,2082
3056,七、7,2080
3057,4.35%,2078
3058,0.65,2078
3059,"2,800,000.00",2076
3060,被投资公司名称,2076
3061,价值,2075
3062,91,2075
3063,外观设计,2074
3064,购买日至期,2074
3065,94,2071
3066,七、29,2069
3067,七、36,2069
3068,合肥市,2068
3069,珠海,2067
3070,可获得的同类交易市价,2064
3071,西北地区,2064
3072,按照公允价值重新计量剩余股权产生的利得或损失,2061
3073,"1,500,000",2061
3074,其他权益工具优先 永续其他股 债,2060
3075,0.70,2057
3076,召开会议次数,2053
3077,综合,2053
3078,600.00,2052
3079,（2）企业合并增加,2051
3080,英属维尔京群岛,2051
3081,加：会计政,2050
3082,是否超过获批额度,2050
3083,（三）,2049
3084,子公司全称,2049
3085,越南盾,2048
3086,七、9,2047
3087,与再融资相关的承诺,2044
3088,度,2042
3089,券商理财产品,2041
3090,临时公告名称,2040
3091,保函保证金,2037
3092,上年度,2036
3093,股权激励限售股,2036
3094,97,2035
3095,可供出售金融资产在持有期间取得的投资收益,2035
3096,单位3,2034
3097,减：库,2034
3098,2.50%,2034
3099,"350,000,000.00",2034
3100,股份种类股份种类,2031
3101,"210,000.00",2031
3102,沈阳,2031
3103,以其他方式（如回购股,2029
3104,400,2029
3105,按合同约定,2029
3106,东北地区,2025
3107,0.40%,2024
3108,"35,000.00",2024
3109,关键管理人员薪酬,2023
3110,整合计划,2022
3111,七、64,2021
3112,整合进展,2020
3113,0.80,2020
3114,七、21,2018
3115,化,2017
3116,51%,2015
3117,临时公告披露日期,2014
3118,市价,2014
3119,本期发生的企业合并于本期支付的现金或现金等价物,2011
3120,对合营企业或联,2011
3121,2.90%,2011
3122,处罚原因,2011
3123,上年发生额,2011
3124,"250,000",2010
3125,0.71,2007
3126,2年以内,2006
3127,丧失控制权之日剩余股权公允价值的确定方法及主要假设,2002
3128,持有至到期投资在持有期间的投资收益,2002
3129,银行理财资金池,2002
3130,0.69,2000
3131,买卖合同纠纷,1999
3132,有限公,1994
3133,"30,000,000",1994
3134,营企业投资的会计处理方法,1993
3135,软件和信息技术服务业,1993
3136,其中：现金和现金等价物,1992
3137,--发行的权益性证券的公允价值,1991
3138,0.36%,1990
3139,减：购买日子公司持有的现金及现金等价物,1990
3140,--发行或承担的债务的公允价值,1990
3141,项目可行性是否发生重大变化,1989
3142,"17,000,000.00",1989
3143,归属于母公司所有者的综合收益,1989
3144,处罚结果,1989
3145,0.78,1986
3146,未达到计划进度或预计收益的情况和原因（分具体项目）,1986
3147,违规情形,1985
3148,截止报告期末表决权恢复的优先股股东总数（户）,1982
3149,2021年10月29日,1982
3150,关联方往来,1981
3151,新加坡元,1980
3152,"45,000.00",1980
3153,利息资本,1979
3154,董事会聘任,1979
3155,0.82,1979
3156,0.33%,1978
3157,大专以下,1977
3158,解决进展,1977
3159,七、60,1976
3160,本期投资盈亏,1976
3161,达标,1976
3162,增资,1975
3163,万吨,1974
3164,本期处置子公司于本期收到的现金或现金等价物,1974
3165,--或有对价的公允价值,1973
3166,0.43%,1973
3167,未收回,1972
3168,事,1971
3169,严格履行,1971
3170,0.41%,1968
3171,人民币元、人民币万元,1968
3172,限制性股票回购义务,1966
3173,"27,000,000.00",1966
3174,七、62,1965
3175,七、53,1964
3176,2.80%,1962
3177,工作变动,1961
3178,公司的整改措施,1960
3179,巨潮资讯网www.cninfo.com.cn,1960
3180,处置持有至到期投资取得的投资收益,1959
3181,七、38,1958
3182,0.39%,1957
3183,获批的交易额度（万元）,1955
3184,在建项目,1955
3185,全部收回,1955
3186,供应商1,1954
3187,非执行董事,1954
3188,同一最终控制人,1954
3189,珠海市,1953
3190,1.2%、12%,1952
3191,0.79,1952
3192,交通银行,1950
3193,对合营企业权益投资的账面价值,1950
3194,减：丧失控制权日子公司持有的现金及现金等价物,1950
3195,2020年11月,1949
3196,4.其他权益工具投资,1948
3197,货币市场工具,1943
3198,0.38%,1939
3199,咨询服务费,1939
3200,"9,000",1938
3201,劳务费,1938
3202,"700,000,000.00",1938
3203,临时公告披露网站名称,1936
3204,物业管理,1936
3205,产,1934
3206,固定资产折旧,1934
3207,75.00,1931
3208,合并范围内关联方,1929
3209,博士研究生,1929
3210,销,1929
3211,同一控制下的企业合并,1929
3212,0.74,1928
3213,销售产品,1928
3214,东北,1927
3215,2018年年度股东大会,1927
3216,七、68,1927
3217,"2,700,000.00",1926
3218,非保本,1925
3219,"270,000.00",1925
3220,（,1925
3221,提出的重要意见和建议,1924
3222,董事会审批,1924
3223,3.75%,1923
3224,供应商2,1922
3225,地区,1922
3226,单位4,1922
3227,后续解决计划,1922
3228,公司证券部,1922
3229,项目实施出现募集资金结余的金额及原因,1920
3230,2019年11月,1920
3231,系,1919
3232,内控审计报告意见类型,1919
3233,招待费,1918
3234,实收资本(或股本),1918
3235,递延收益/其他收益,1918
3236,2019年度归属于母公司所有者权益实收资本(或股本),1918
3237,95.00%,1917
3238,"36,000,000.00",1916
3239,西北,1915
3240,基金,1914
3241,对上市公司生产经营的影响,1912
3242,调整未分配利润,1910
3243,预付设备款,1909
3244,内部控制审计报告全文披露日期,1908
3245,电汇,1908
3246,通过设立或投资等方式取得的子公司,1908
3247,商标权,1907
3248,2021年04月23日,1907
3249,七、55,1906
3250,2021年03月31日,1905
3251,内部控制审计报告全文披露索引,1905
3252,7%、5%,1905
3253,内控审计报告披露情况,1904
3254,0.37%,1904
3255,准备,1904
3256,点,1903
3257,2021年04月26日,1902
3258,七、71,1899
3259,广东,1899
3260,项目实,1898
3261,1.归属于母公司所有者的净利润,1898
3262,调整盈余公积,1898
3263,人工,1898
3264,0.84,1897
3265,发行日,1897
3266,实缴流转税税额,1894
3267,"1,050,000.00",1893
3268,A,1891
3269,本期新增,1890
3270,税后净额,1890
3271,工程累计投入占预算比例,1889
3272,实际控制人,1889
3273,"90,000",1889
3274,十七、3,1888
3275,生产销售,1887
3276,末被购买方,1886
3277,报告期内,1885
3278,处置价款与处置投资对应的合并财务报表层面享有该子公司净资产份额的差额,1884
3279,七、63,1882
3280,0.83,1881
3281,"3,600,000.00",1881
3282,运费,1880
3283,已结案,1878
3284,非同一控制合并,1877
3285,是否为,1874
3286,拆借款,1874
3287,广告费,1869
3288,额(账面价,1869
3289,劳务外包支付的报酬总额,1868
3290,"320,000.00",1867
3291,按组合计提坏账准备的应收票据,1867
3292,七、74,1865
3293,0.76,1864
3294,3.90%,1864
3295,0.44%,1862
3296,核心技术人员,1862
3297,苏州市,1861
3298,供应商3,1860
3299,"450,000,000.00",1858
3300,"100,000,000",1857
3301,三年,1854
3302,0.81,1854
3303,单位一,1854
3304,摊销方法,1853
3305,0.46%,1853
3306,截至报告期末普通股股东总数(户),1852
3307,金投资,1851
3308,"0,000.",1850
3309,诉讼(仲裁)进展,1850
3310,东莞,1850
3311,七、51,1849
3312,持股比例/享有的份额,1849
3313,2020年6月,1848
3314,归属于少数股东的其他综合收益的,1848
3315,成员姓名,1847
3316,已履行完毕,1846
3317,内部控制审计报告中的审议意见段,1844
3318,十七、5,1844
3319,七、31,1844
3320,份有限公司,1843
3321,计量单位,1842
3322,"48,000,000.00",1842
3323,55.00%,1842
3324,2021年度归属于母公司所有者权益实收资本(或股本),1842
3325,3－4年,1839
3326,报表项目,1838
3327,专门委员会类别,1837
3328,款,1836
3329,0.85,1836
3330,2019年04月26日,1836
3331,公司披露年度报告的证券交易所网址,1834
3332,9999-12-31,1834
3333,浦发银行,1833
3334,内部往来,1833
3335,技有限公司,1831
3336,澳大利亚,1830
3337,3.65%,1828
3338,0.88,1827
3339,单位5,1826
3340,0.42%,1824
3341,50年,1824
3342,0.45%,1821
3343,流动比率,1821
3344,巨潮资讯网http://www.cninfo.com.cn,1821
3345,0.48%,1820
3346,供应商4,1819
3347,内控鉴证报告披露情况,1818
3348,内控鉴证报告意见类型,1818
3349,七、73,1818
3350,股权处置价款,1818
3351,0.77,1817
3352,战略投资者或一般法人因配售新股成为前10名股东的情况（如有）（参见注4）,1816
3353,采购,1815
3354,废水,1812
3355,其他减少,1812
3356,被购买方名,1812
3357,内部控制鉴证报告全文披露日期,1811
3358,速动比率,1810
3359,"480,000.00",1809
3360,持有无限,1804
3361,2020年06月30日,1804
3362,超募资金的金额、用途及使用进展情况,1803
3363,1.50,1802
3364,股票及其衍生证券的种类,1802
3365,0.97,1800
3366,号填列）,1799
3367,投资者,1798
3368,自制半成品,1797
3369,七、65,1797
3370,数量/开展情况,1796
3371,2013年,1796
3372,免税,1795
3373,内部控制鉴证报告全文披露索引,1794
3374,占比,1794
3375,"1,200.00",1793
3376,七、72,1792
3377,"170,000,000.00",1791
3378,十三、商誉减值损失,1791
3379,"19,000,000.00",1791
3380,收益/承包收益,1788
3381,郑州,1788
3382,总裁,1787
3383,分红标准和比例是否明确和清晰,1787
3384,相关的决策程序和机制是否完备,1787
3385,"3,500",1786
3386,以摊余成本计量的金融负债,1786
3387,年度报告披露日前上一月末表决权恢复的优先股股东总数（如有）（参见注9）,1785
3388,独立董事是否履职尽责并发挥了应有的作用,1785
3389,完成,1783
3390,非同一控制下的企业合并,1783
3391,0.90,1782
3392,3-5年,1782
3393,0.93,1781
3394,（2）其他减少,1780
3395,罚款支出,1778
3396,其中：欧元,1778
3397,是否符合公司章程的规定或股东大会决议的要求,1778
3398,中小股东是否有充分表达意见和诉求的机会，其合法权益是否得到了充分保护,1777
3399,0.51%,1776
3400,劳务外包的工时总数,1776
3401,办公设备及其他,1775
3402,七、26,1774
3403,与本公司关系,1774
3404,投资新设,1774
3405,（%）,1773
3406,0.56%,1773
3407,商务服务业,1770
3408,供应商5,1769
3409,坏账损失,1769
3410,内部控制鉴证报告中的审议意见段,1767
3411,净额,1766
3412,股权取得时,1763
3413,汇兑损失,1763
3414,2020年第二次临时股东大会,1762
3415,利息保障倍数,1761
3416,一年内到期的长期应付款,1761
3417,"2,600,000.00",1759
3418,累计投资收益,1758
3419,减：,1757
3420,交易性金融资产公允价值变动,1756
3421,还本付息方式,1756
3422,2021年度归属于母公司所有者权益,1755
3423,入,1754
3424,日本,1754
3425,项目未清算,1754
3426,0.49%,1753
3427,债,1751
3428,按应纳税所得额计缴,1750
3429,按新金融工具准则列示的余额,1750
3430,"650,000.00",1747
3431,的比例,1746
3432,IPO首发原始股份限售,1746
3433,七、40,1745
3434,购买日至期末被购买方的净利润,1745
3435,公司注册地址的历史变更情况,1745
3436,十七、1,1742
3437,4.20%,1742
3438,电影放映,1742
3439,（四）所有者权,1739
3440,益内部结转,1739
3441,益合计,1738
3442,参与融资融券业务股东情况说明（如有）（参见注5）,1738
3443,其他往来款,1738
3444,"24,000.00",1738
3445,注3,1737
3446,期末余额/ 本期发生额,1736
3447,份）现金分红,1735
3448,3.15%,1734
3449,七、75,1732
3450,终止日期,1730
3451,2021年10月26日,1730
3452,费/出包费,1729
3453,关联关,1728
3454,"18,000",1728
3455,七、13,1726
3456,与资产相,1725
3457,领取报酬津贴,1723
3458,前十名股东中回购专户情况说明,1723
3459,应付票据及应付账款,1722
3460,新设子公司,1722
3461,IPO 首发原始股份限售,1722
3462,涉案金额（万元）,1721
3463,上述股东委托表决权、受托表决权、放弃表决权的说明,1721
3464,"4,800,000.00",1720
3465,55.00,1718
3466,0.47%,1718
3467,董事长兼总经理,1717
3468,合同,1717
3469,期初余额/ 上期发生额,1716
3470,2020年年度股东大会,1715
3471,总计,1715
3472,已到期,1714
3473,建造合同形成的已完工未结算资产,1713
3474,0.87,1712
3475,行,1711
3476,实用新型专利,1709
3477,会议费,1708
3478,2019年度归属于母公司所有者权益,1708
3479,七、67,1708
3480,污水处理,1708
3481,容诚会计师事务所（特殊普通合伙）,1707
3482,按税法规定计算的销售货物和应税劳务收入为基础计算销项税额，在扣除当期允许抵扣的进项税额后，差额部分为应交增值税,1706
3483,COD,1706
3484,0.52%,1706
3485,预缴所得税,1706
3486,0.89,1706
3487,"26,000,000.00",1705
3488,2.70%,1704
3489,应收票据及应收账款,1704
3490,按,1703
3491,4－5年,1701
3492,0.91,1701
3493,募集资金使用及披露中存在的问题或其他情况,1698
3494,科技有限公司,1696
3495,境外会计师事务所名称（如有）,1695
3496,现金利息保障倍数,1695
3497,投资控股,1694
3498,12.00,1693
3499,0.92,1693
3500,理财,1692
3501,票据类型,1692
3502,托管收益/承包收益定价依据,1691
3503,1.01,1691
3504,0.54%,1690
3505,"23,000,000.00",1690
3506,股权取得成,1689
3507,股权取得比,1689
3508,四川成都,1689
3509,是是是是,1688
3510,收益相关,1688
3511,单位二,1687
3512,2020年度归属于母公司所有者权益,1686
3513,2021年第二次临时股东大会,1686
3514,报告期末对子公司实际担保余额合计（C4）,1686
3515,连续,1685
3516,股权处,1684
3517,否否否,1684
3518,往来款及其他,1683
3519,是否发生减值及其判断,1683
3520,单项计提,1682
3521,"1,700,000.00",1680
3522,EBITDA利息保障倍数,1679
3523,泰铢,1679
3524,3.05%,1677
3525,0.53%,1677
3526,整合中遇到的问题,1676
3527,控股股东报告期内控股和参股的其他境内外上市公司的股权情况,1676
3528,2020年1月1日至2020年12月31日,1675
3529,记账本位币,1674
3530,托管费/出包费定价依据,1673
3531,售条件的股份数量,1672
3532,3.35%,1672
3533,2021年初,1669
3534,环保税,1668
3535,4.教育扶贫,1667
3536,6.00%,1665
3537,归属于母公司所,1662
3538,已赎回,1662
3539,1.06,1661
3540,商品销售,1661
3541,"4,900,000.00",1661
3542,报告期内审批对子公司担保额度合计（C1）,1660
3543,以其他方式（如回购股份）现金分红的金额,1660
3544,同一控制人,1660
3545,0.57%,1659
3546,本年度收到的来自合营企业的股利,1659
3547,已采取的解决措施,1658
3548,贷款和应收款项,1658
3549,高管锁定,1657
3550,代垫款,1657
3551,0.55%,1656
3552,融资租赁,1655
3553,七、57,1654
3554,是否存在反担保,1653
3555,"6,500,000.00",1653
3556,2019年04月30日,1652
3557,投标保函,1652
3558,上期数,1651
3559,1-2年（含2年）,1651
3560,0.94,1649
3561,EBITDA全部债务比,1648
3562,"220,000.00",1647
3563,本期确认的股利收入,1645
3564,优先,1645
3565,广东深圳,1643
3566,谈论的主要内容及提供的资料,1642
3567,"1,250,000.00",1641
3568,是否形成预计负债,1641
3569,0.99,1641
3570,货币,1640
3571,审计中的应对,1639
3572,减,1638
3573,现金分红总额（含其他方式）占合并报,1637
3574,商业承兑汇票组合,1637
3575,设备,1637
3576,务,1637
3577,韩元,1637
3578,报告期末已审批的对外担保额度合计（A3）,1636
3579,报告期末实际对外担保余额合计（A4）,1635
3580,具体扣除情况,1634
3581,报告期内审批的对外担保额度合计（A1）,1633
3582,公司章程,1632
3583,有者的终止经营,1630
3584,0.67%,1630
3585,65.00%,1626
3586,中国证券金融股份有限公司,1626
3587,95.00,1626
3588,母公司对本企业的表决权比例,1625
3589,2020年10月,1625
3590,债券,1625
3591,质押、标记或冻结情况,1624
3592,2021年6月,1622
3593,0.95,1621
3594,维修费,1620
3595,方式,1619
3596,0.98,1618
3597,1个,1616
3598,七、固定资产减值损失,1615
3599,南昌,1613
3600,计入当期非经常性损益的金,1612
3601,1.50%,1611
3602,报告期内对子公司担保实际发生额合计（C2）,1607
3603,是否发生减值及其判,1607
3604,断依据,1607
3605,7-12个月,1607
3606,2021年04月20日,1606
3607,□适用 √不适用,1606
3608,1年以内、1-2年,1605
3609,市公司普通股股东的净利润的比率,1604
3610,报告期内对外担保实际发生额合计（A2）,1604
3611,0.59%,1603
3612,员工备用金,1603
3613,相关,1602
3614,2021年11月,1602
3615,电力,1602
3616,董事会换届,1601
3617,2021年1月1日至2021年12月31日,1600
3618,3.55%,1600
3619,首次公开发行,1600
3620,报告期实际损益金额,1600
3621,"2,200,000.00",1600
3622,境外会计师事务所审计服务的连续年限（如有）,1599
3623,年龄结构类别,1599
3624,手续费及其他,1598
3625,履行,1598
3626,人工工资,1596
3627,学历结构类别,1596
3628,2020年05月20日,1596
3629,"7,500.00",1595
3630,0.86,1594
3631,七、22,1594
3632,采购材料,1594
3633,学历结构人数,1591
3634,年龄结构人数,1590
3635,简称,1590
3636,5-10年,1590
3637,截止报告期末累计实现的效益,1588
3638,品,1585
3639,单位三,1585
3640,0.62%,1584
3641,起始日期,1584
3642,境外会计师事务所注册会计师姓名（如有）,1583
3643,融资产、交易性金融负债、衍生金融负债,1582
3644,股权,1582
3645,责任公司,1581
3646,研发人员年龄结构,1581
3647,0.63%,1579
3648,2020年9月,1579
3649,代扣个人所得税手续费返还,1578
3650,"32,000,000.00",1578
3651,报告期新授予限制性股票数量,1576
3652,0.64%,1576
3653,3.45%,1576
3654,"33,000,000.00",1576
3655,采购商品/接受劳务,1575
3656,七、35,1575
3657,已完工,1574
3658,表中归属于上,1574
3659,任公司,1574
3660,"1,900,000.00",1574
3661,新疆,1572
3662,"4,000,000",1570
3663,0.70%,1569
3664,永,1569
3665,山东,1568
3666,证券,1568
3667,三、普通股股份总数,1567
3668,致同会计师事务所（特殊普通合伙）,1566
3669,0.96,1563
3670,"2,550,000.00",1562
3671,折旧摊销,1562
3672,0.66%,1561
3673,续债,1561
3674,0.61%,1561
3675,往来款项,1561
3676,值业务外，持有交易性金融资产、衍生金,1560
3677,2019年11月15日,1560
3678,0.60%,1559
3679,2-3年（含3年）,1558
3680,七、44,1557
3681,2020年04月24日,1556
3682,2019年10月,1555
3683,补充流动资金,1555
3684,2021年4月,1555
3685,4年以上,1555
3686,2020年4月,1555
3687,七、43,1554
3688,0.80%,1554
3689,人工费用,1553
3690,2020年年度归属于母公司所有者权益,1553
3691,期末余额应收票据,1553
3692,江苏省,1553
3693,1.04,1552
3694,直接投资,1552
3695,2019年第二次临时股东大会,1551
3696,境内外股票,1551
3697,总工程师,1550
3698,待摊费用,1550
3699,0.65%,1550
3700,"180,000",1549
3701,"16,000.00",1549
3702,2020年初,1548
3703,年度报告披露日,1548
3704,性金融资产、衍生金融资产、交易性金融,1547
3705,七、4,1547
3706,其他业务成本,1546
3707,65.00,1546
3708,16.50%,1544
3709,负债、衍生金融负债和其他债权投资取得,1543
3710,暂无,1543
3711,0.58%,1541
3712,"280,000,000.00",1541
3713,济南,1540
3714,1-5年,1540
3715,（2）转入投资性房地产,1539
3716,0.71%,1538
3717,2020年5月,1538
3718,浙江宁波,1538
3719,本期发生额收入 成本,1537
3720,000,1537
3721,"210,000,000.00",1535
3722,业投资,1534
3723,"45,000",1534
3724,折旧摊销费,1533
3725,30岁以下（不含30岁）,1531
3726,1.13,1531
3727,印度卢比,1531
3728,0.69%,1530
3729,1.15,1529
3730,12月31,1529
3731,2020年03月31日,1528
3732,400.00,1527
3733,业,1527
3734,子公司简称,1526
3735,存在公开报价的合营企业权益投资的公允价值,1526
3736,子公司类型,1524
3737,经销,1523
3738,"75,000",1522
3739,（有限合伙）,1521
3740,15日,1520
3741,冻结,1520
3742,0.68%,1519
3743,40-50岁（含40岁，不含50岁）,1519
3744,废气,1519
3745,3.25%,1518
3746,1.20,1518
3747,五年以上,1518
3748,5%、7%,1517
3749,6年,1516
3750,采购商品、接受劳务,1516
3751,2020年12月25日,1515
3752,期末持有限制性股票数量,1514
3753,房产,1514
3754,提供服务,1514
3755,中国上海,1514
3756,企业债券利息,1513
3757,先股,1513
3758,中信银行,1512
3759,2012年,1512
3760,0.75%,1512
3761,1.10,1512
3762,30-40岁（含30岁，不含40岁）,1512
3763,内部审批,1511
3764,"420,000.00",1511
3765,1.07,1510
3766,重,1510
3767,董事、财务总监,1509
3768,境外会计师事务所注册会计师审计服务的连续年限（如有）,1508
3769,股权取得比例,1506
3770,本期增加金额内部开发支出,1506
3771,"220,000,000.00",1505
3772,2019年年度归属于母公司所有者权益,1505
3773,水利建设基金,1504
3774,西安市,1503
3775,三年以上,1502
3776,单位四,1502
3777,60岁及以上,1500
3778,"230,000.00",1499
3779,合并范围内关联方组合,1498
3780,2020年05月15日,1495
3781,2019年03月29日,1495
3782,35.00%,1494
3783,7.00,1494
3784,"4,500",1493
3785,1.05,1493
3786,0.76%,1493
3787,0.78%,1491
3788,2021年3月,1491
3789,诺,1490
3790,减变动,1489
3791,董事、总裁,1488
3792,1 年以内,1487
3793,1.02,1487
3794,股票类,1486
3795,"13,000.00",1486
3796,理财产品投资收益,1485
3797,电子及其他设备,1485
3798,2019年12月27日,1484
3799,对联营、合营企,1483
3800,厂房,1483
3801,按实际缴纳的增值税及消费税计缴,1482
3802,期末持,1481
3803,现金结算,1480
3804,50-60岁（含50岁，不含60岁）,1480
3805,手续费支出,1479
3806,中信证券股份有限公司,1478
3807,本期减少金额确认为无形资产,1478
3808,1.25,1477
3809,"190,000,000.00",1476
3810,0.73%,1474
3811,值变动,1474
3812,"6,000,000",1474
3813,信用证保证金,1472
3814,生产制造,1472
3815,内销,1472
3816,800.00,1471
3817,母公司对本企业,1471
3818,2018年12月,1471
3819,丧失控制权之日剩余股权的公允价值,1470
3820,"35,000",1466
3821,商品,1465
3822,0.74%,1464
3823,七、2,1464
3824,2018年年度归属于母公司所有者权益,1463
3825,2021年12月30日,1463
3826,普通股股票类,1463
3827,3.95%,1462
3828,对未到期担保，报告期内已发生担保责任或可能承担连带清偿责任的情况说明（如有）,1461
3829,单位往来款,1461
3830,解决关联交易,1460
3831,进行中,1460
3832,"260,000.00",1459
3833,关,1458
3834,安徽,1458
3835,出售商品/提供劳务,1456
3836,广东省,1455
3837,实际控制人名称,1454
3838,租赁付款额,1452
3839,4.10%,1452
3840,筹资活动产生的现金流量净,1451
3841,80%,1451
3842,0.79%,1449
3843,"510,000.00",1448
3844,2020年12月30日,1448
3845,"51,000,000.00",1448
3846,0.85%,1447
3847,少数,1445
3848,"9,500,000.00",1444
3849,1.08,1444
3850,2.60%,1443
3851,0.72%,1443
3852,0.95%,1442
3853,1.19,1441
3854,2.95%,1441
3855,对股东权益的影响,1441
3856,0.77%,1441
3857,2019年1月1日至2019年12月31日,1441
3858,信用减值准备,1441
3859,"800,000",1440
3860,工作原因,1440
3861,45.00%,1440
3862,材料款,1439
3863,2019年初,1439
3864,1.17,1438
3865,"8,500,000.00",1438
3866,金融负债产生的公允价值变动损益，以及,1438
3867,其他产品,1437
3868,2020年3月,1437
3869,浙江省杭州市,1437
3870,自 有资金,1435
3871,越南,1434
3872,润,1433
3873,2021年10月25日,1433
3874,截至报告期末表决权恢复的优先股股东总数（户）,1433
3875,租赁收入,1433
3876,（如有）,1432
3877,0.84%,1431
3878,海口,1431
3879,110,1430
3880,2021年04月22日,1430
3881,估值技术,1430
3882,金融机构贷款,1429
3883,独立董,1429
3884,抵销后递延所得税资,1429
3885,4.50%,1428
3886,"95,000,000.00",1427
3887,劳务外包的工时总数（小时）,1426
3888,受同一控制人控制,1426
3889,单位五,1424
3890,劳务外包支付的报酬总额（元）,1422
3891,优,1421
3892,调整,1421
3893,减值准,1421
3894,通过设立或投资等方式取得,1420
3895,中介服务费,1419
3896,参股股东,1419
3897,1.以公允价值计量且其变动计入当期损益的金融资产,1417
3898,2019年04月25日,1417
3899,信托,1417
3900,价值),1416
3901,2021年08月27日,1416
3902,2017年12月,1416
3903,"270,000,000.00",1415
3904,非同一控制下企业合并取得,1415
3905,报告期末已审批的对子公司担保额度合计（C3）,1414
3906,1.09,1413
3907,1.20%,1413
3908,1.03,1411
3909,1.16,1410
3910,0.5,1410
3911,"3,200,000.00",1410
3912,转销或核,1410
3913,（一）综合收益,1409
3914,七、17,1409
3915,构成同一控制下企业合并的依据,1409
3916,售条件的,1409
3917,三、可供出售金融资产减值损失,1409
3918,按组合计提预期信用损失的应收账款,1409
3919,事会次数,1408
3920,七、37,1405
3921,常州,1404
3922,应税收入,1403
3923,江苏南京,1402
3924,增值税即征即退,1402
3925,办公费用,1402
3926,原金融工具准则,1402
3927,递延所得税资产和负,1401
3928,五、长期股权投资减值损失,1401
3929,"85,000,000.00",1401
3930,0.93%,1401
3931,"11,000.00",1401
3932,2021年1月,1400
3933,报告期内售出金额,1400
3934,2025,1400
3935,湖北,1400
3936,昆明,1398
3937,1.31,1397
3938,1.14,1397
3939,2020年04月27日,1396
3940,前10名股东中存在回购专户的特别说明（如有）（参见注10）,1395
3941,不适用不适用不适用不适用,1395
3942,广东广州,1395
3943,2011年,1392
3944,2021年06月30日,1392
3945,直营,1392
3946,股票及其衍生证券名称,1391
3947,1.12,1391
3948,按信用风险特征组合计提坏账准备的应收账款,1391
3949,待抵扣进项税额,1390
3950,资等地方性,1389
3951,"260,000,000.00",1389
3952,期初余额（万元）,1389
3953,2021年10月,1388
3954,0.90%,1388
3955,七、70,1388
3956,天职国际会计师事务所（特殊普通合伙）,1387
3957,2020年度实收资本 (或股本),1387
3958,销售模式,1386
3959,1.11,1386
3960,其他履行职责的情况,1385
3961,担保额,1385
3962,2020年06月29日,1384
3963,2019年9月,1384
3964,0.88%,1383
3965,任期届满离任,1382
3966,0.86%,1382
3967,截至资产负债表日的进展情况,1381
3968,一、期初余额,1381
3969,资产相关,1381
3970,"13,000",1378
3971,转账,1378
3972,年末数,1378
3973,"170,000.00",1377
3974,占营业成本比,1377
3975,期初余,1377
3976,现金分红总额（含其他方式）占合并报表中归属于上市公司普通股股东的净利润的比率,1377
3977,2.75%,1377
3978,质保金,1377
3979,2019年3月,1377
3980,1.21,1376
3981,财务顾问,1375
3982,0.96%,1375
3983,0.83%,1374
3984,。,1374
3985,七、32,1374
3986,办公楼,1374
3987,本报告,1374
3988,因从事国家鼓励和扶持特定行业、产业而获得的补助（按国家级政策规定依法取得）,1374
3989,实收资本 (或股本),1373
3990,期限,1373
3991,七、6,1371
3992,主要经营业务或管理活动,1370
3993,经营范围,1369
3994,",000.00",1368
3995,"14,000.00",1368
3996,级次,1367
3997,2020年1月,1367
3998,十二、无形资产减值损失,1366
3999,40%,1366
4000,"42,000,000.00",1366
4001,"125,000.00",1365
4002,主要经营业务或管理活动等情况,1365
4003,7.00%,1365
4004,0.82%,1365
4005,佛山,1365
4006,可转换公司债券、分离交易的可转换公司债券、公司债类,1363
4007,大信会计师事务所（特殊普通合伙）,1363
4008,类 别,1363
4009,"1,800.00",1363
4010,0.98%,1361
4011,2019年6月,1361
4012,2020年7月,1361
4013,应收出口退税,1360
4014,4.05%,1360
4015,中介机构费,1359
4016,件,1359
4017,2021年12月28日,1359
4018,本年度,1359
4019,占比（%）,1358
4020,0.94%,1357
4021,其他支出,1357
4022,合并当期期,1357
4023,"3,000,000,000.00",1356
4024,除上述以外的其他纳税主体,1356
4025,公司报表,1355
4026,9.50,1354
4027,办公,1354
4028,"10,500,000.00",1354
4029,0.89%,1352
4030,"320,000,000.00",1351
4031,零星工程,1350
4032,1.05%,1350
4033,1.10%,1350
4034,"1,350,000.00",1350
4035,2.85%,1349
4036,"4,500.00",1349
4037,受影响的报表项目,1349
4038,比较期间被,1348
4039,大专及以下,1346
4040,占应收账款期末余额合计数,1346
4041,2.20%,1346
4042,持有有限,1346
4043,1.02%,1345
4044,可转换公司债券,1345
4045,2021年12月27日,1345
4046,南通,1345
4047,债券余额,1344
4048,益定价依据,1343
4049,2021年12月24日,1342
4050,中审众环会计师事务所（特殊普通合伙）,1342
4051,托管收益/承包收,1342
4052,"230,000,000.00",1342
4053,易类型,1340
4054,摊余成本以公允价值计量且其变动计入其他综合收益,1340
4055,影响,1340
4056,价,1339
4057,证监会,1338
4058,1.18,1337
4059,参考历史信用损失经验，结合当前状况以及对未来经济状况的预测，通过违约风险敞口和整个存续期预期信用损失率，计算预期信用损失,1336
4060,无重大变化。,1336
4061,8.00%,1335
4062,0.87%,1334
4063,0.81%,1334
4064,本次变动增减（+、-）发行新股,1333
4065,会务费,1333
4066,2019年1月,1333
4067,60%,1331
4068,2021年5月,1331
4069,1.33,1330
4070,1.07%,1330
4071,35.00,1330
4072,2.50,1329
4073,加：以前期间发生的企业合并于本期支付的现金或现金等价物,1328
4074,"49,000,000.00",1327
4075,债务工具投资,1326
4076,股权激励费用,1326
4077,7.现金流量套期储备（现金流量套期损益的有效部分）,1326
4078,料,1325
4079,福建,1325
4080,套,1325
4081,（8）外币财务报表折算差额,1324
4082,难以收回,1321
4083,"22,500,000.00",1319
4084,坏账准备期末余,1319
4085,"7,500",1319
4086,"29,000,000.00",1317
4087,（9）其他,1316
4088,代收代付款,1316
4089,厂区内,1316
4090,法定代表人,1315
4091,（6）其他债权投资信用减值准备,1315
4092,软件著作权,1315
4093,股权激励限售,1315
4094,初至合并日被合并方的,1314
4095,交易场所,1313
4096,票据保证金,1313
4097,河南,1312
4098,2020年年度股本,1312
4099,中国证监会、证监会,1312
4100,原独立董事,1312
4101,0.92%,1310
4102,2021年11月30日,1310
4103,合并当期期初至合并日被合并方的收入,1310
4104,通讯费,1310
4105,（3）可供出售金融资产公允价值变动损益,1310
4106,变更后的项,1309
4107,"36,000.00",1309
4108,2021年9月,1309
4109,0.99%,1308
4110,（4）金融资产重分类计入其他综合收益的金额,1308
4111,零售,1308
4112,营业成本比上,1307
4113,营业收入扣除后金额,1306
4114,股权收购,1305
4115,其中：未实现融资收益,1305
4116,9.00,1305
4117,青岛市,1304
4118,2020年8月,1303
4119,融资租赁款,1303
4120,"1,200",1302
4121,九、在建工程减值损失,1302
4122,（5）持有至到期投资重分类为可供出售金融资产损益,1302
4123,十四、其他,1301
4124,对外提供担保,1301
4125,江苏苏州,1300
4126,土地,1299
4127,提取保险责任合同准备金,1298
4128,管理人员,1298
4129,2019年5月,1298
4130,医疗服务,1298
4131,境外会计师事务所报酬（万元）（如有）,1296
4132,其他权益工具本期增减变动情况、变动原因说明，以及相关会计处理的依据：,1296
4133,收回或转,1296
4134,尚在办理中,1296
4135,（4）其他,1296
4136,补贴,1295
4137,1.03%,1295
4138,计提减值准备金额（如有）,1295
4139,以工代训补贴,1295
4140,同一控股股东,1295
4141,2022年12月31日,1294
4142,七、25,1294
4143,无无无无,1293
4144,前上一月末普通股股东总数,1292
4145,28日,1290
4146,"850,000.00",1290
4147,转回,1289
4148,其他衍生证券类,1288
4149,待执行的亏损合同,1288
4150,（7）现金流量套期储备（现金流量套期损益的有效部分）,1288
4151,4.30%,1288
4152,人民币元、人民币万元、人民币亿元,1287
4153,银行承兑汇票组合,1287
4154,2.40%,1287
4155,其他综合,1286
4156,材料采购,1286
4157,劳务,1285
4158,2020年04月23日,1285
4159,其他外币,1284
4160,注册分类,1283
4161,"38,000,000.00",1283
4162,1.23,1282
4163,2021年04月09日,1281
4164,易产生,1280
4165,大连,1280
4166,用,1278
4167,根据预测的收入、成本、费用等计算,1277
4168,2020年04月21日,1277
4169,软件开发,1277
4170,"190,000.00",1277
4171,"950,000.00",1277
4172,租金,1276
4173,负责人,1276
4174,末余额,1276
4175,2019年度实收资本 (或股本),1276
4176,1.35,1275
4177,"350,000",1275
4178,七、20,1274
4179,利率（%）,1274
4180,包装物,1274
4181,单位往来,1273
4182,",",1272
4183,1.08%,1272
4184,-0.01%,1272
4185,85.00%,1272
4186,"2,250,000.00",1271
4187,备的应收票据,1270
4188,0.91%,1270
4189,12月,1270
4190,所在地,1269
4191,"105,000.00",1269
4192,2020年10月29日,1269
4193,款项是否由关联交,1268
4194,合并方的净利润,1267
4195,待定,1267
4196,质押冻结,1267
4197,"55,000.00",1267
4198,债券投资,1266
4199,开发产品,1266
4200,股东大会选举,1266
4201,单项计提预期信用损失的应收账款,1265
4202,（万,1264
4203,2021年05月18日,1264
4204,预付工程款,1264
4205,非流动资产毁损报废利得,1263
4206,个,1263
4207,采购货物,1263
4208,基本每股收益,1262
4209,0.97%,1262
4210,2021年7月,1262
4211,(2)其他,1262
4212,面价值),1261
4213,2017,1261
4214,软件业,1261
4215,生产、销售,1261
4216,英国,1260
4217,[注1],1259
4218,2.25%,1258
4219,本期计入,1258
4220,2019年4月,1258
4221,2019年年度股本,1257
4222,70%,1257
4223,"21,000.00",1255
4224,1.12%,1254
4225,2019年12月23日,1254
4226,B,1254
4227,协议定价,1254
4228,总会计师,1253
4229,其他收入,1253
4230,"4,200,000.00",1252
4231,1.06%,1252
4232,技术开发,1251
4233,受同一方控制,1251
4234,公司发展阶段属成长期且有重大资金支出安排的，进行利润分配时，现金分红在本次利润分配中所占比例最低应达到20％,1250
4235,第三方,1249
4236,1.04%,1248
4237,"10,200,000.00",1247
4238,能源,1247
4239,1.35%,1244
4240,2.10%,1244
4241,印度,1244
4242,700,1244
4243,运营模式,1243
4244,十二、合同资产减值损失,1243
4245,2020年10月30日,1243
4246,1.26%,1242
4247,研发,1242
4248,20日,1242
4249,0.0554,1242
4250,郑州市,1242
4251,2.30%,1241
4252,2021年04月21日,1241
4253,比较期间被合并方的净利润,1241
4254,投资活动产生的现金流量净,1240
4255,1.01%,1240
4256,99.00%,1239
4257,按类别对本期将发生的日常关联交易进行总金额预计的，在报告期内的实际履行情况（如有）,1239
4258,完工,1239
4259,已判决,1238
4260,风力发电,1238
4261,原董事,1237
4262,2018,1237
4263,四川,1237
4264,未结算原因,1236
4265,30日,1235
4266,额（万元）,1234
4267,2019年12月30日,1234
4268,电子商务,1232
4269,"2,300,000.00",1231
4270,1.14%,1231
4271,2021年08月26日,1230
4272,材料成本,1230
4273,1.34,1229
4274,权恢复的优先股股东总数（如有）（参见注8）,1228
4275,软件使用权,1227
4276,2.物资折款,1227
4277,迪瑞医疗,1227
4278,2019年7月,1226
4279,海南,1226
4280,"11,000",1225
4281,组合,1225
4282,占同类,1224
4283,1.65%,1224
4284,四、本期期末,1224
4285,注4,1224
4286,合营公司,1224
4287,99.99%,1223
4288,2021年8月,1223
4289,资产负债率,1222
4290,与主营业务无关的业务收入小计,1222
4291,是否为固定资产投资,1221
4292,外销,1219
4293,4.90%,1218
4294,12月31日,1218
4295,受同一控股股东控制,1218
4296,2018年5月,1217
4297,1.17%,1216
4298,合同订立对方名称,1216
4299,注册资本（万元）,1216
4300,1.19%,1215
4301,1.30%,1214
4302,1.28,1214
4303,不具备商业实质的收入小计,1214
4304,科技有限,1214
4305,毕,1213
4306,组合投资,1212
4307,30~40岁,1211
4308,窑尾,1211
4309,保本浮,1211
4310,2019年06月28日,1210
4311,与原子公司股权投资相关的其他综合收益转入投资损益的金额,1210
4312,"490,000.00",1210
4313,采购原材料,1209
4314,债券简称,1209
4315,代码,1209
4316,0.84164,1208
4317,股东权益合计,1208
4318,优先股\永续债股利-XXX,1208
4319,1.27,1207
4320,本期终止确认,1206
4321,运杂费,1206
4322,本期购买金,1206
4323,出售日,1206
4324,2010年,1205
4325,在股东单位是否,1205
4326,"12,500,000.00",1204
4327,1.22,1202
4328,半成品,1202
4329,1.24,1201
4330,1.37%,1201
4331,V1.0,1201
4332,"15,000,000",1200
4333,1.22%,1199
4334,130,1199
4335,1.44,1199
4336,采购模式,1198
4337,1.34%,1197
4338,是否特殊补贴,1197
4339,（六）交易性金融负债,1197
4340,设备款,1196
4341,4.15%,1196
4342,2016年12月,1196
4343,1.36,1195
4344,长期长期,1195
4345,年,1194
4346,构成同一控,1194
4347,项目进度,1193
4348,2019年12月26日,1192
4349,物业服务,1192
4350,1.67,1191
4351,商标,1191
4352,股权处置比例（%）,1190
4353,可转换公司债券名称,1190
4354,资产规模,1189
4355,连带责任,1189
4356,2018年12月31日（变更前）,1189
4357,七、28,1189
4358,丧失控制权之日剩余股权的比例,1188
4359,非公开发行股票,1188
4360,①,1188
4361,1.42,1187
4362,http://www.cninfo.com.cn/,1187
4363,1.09%,1187
4364,"160,000",1187
4365,27日,1186
4366,减：未确认融资费用,1186
4367,辞职,1186
4368,数量及开展情况,1185
4369,年度报告披露日前上一月末表决权恢复的优先股股东总数（如有）（参见注8）,1184
4370,影响金额,1183
4371,1.18%,1182
4372,经营业态,1182
4373,制下企业合并的依据,1181
4374,1.25%,1181
4375,2021年10月15日,1181
4376,"450,000",1180
4377,报告期末,1179
4378,大学本科,1178
4379,"560,000.00",1178
4380,研发费用加计扣除,1177
4381,助除外）,1177
4382,2019年12月20日,1176
4383,"2,400.00",1175
4384,(1),1174
4385,金总额,1174
4386,"1,200,000",1174
4387,六、投资性房地产减值损失,1174
4388,"3,500.00",1173
4389,截至报告期末累计实际投入金额,1173
4390,八、工程物资减值损失,1173
4391,0.0632,1172
4392,2020年年度,1172
4393,1.16%,1171
4394,扶持政策而获得的补助,1171
4395,露日期,1171
4396,加：以前期间处置子公司于本期收到的现金或现金等价物,1170
4397,新能源,1170
4398,人民币元,1169
4399,付现费用,1169
4400,2019年8月,1169
4401,获得数（个）,1169
4402,"14,000",1168
4403,1.33%,1168
4404,本减值准备,1167
4405,1.13%,1166
4406,年度报告披露日前上一月末表决,1166
4407,1.37,1166
4408,2021年12月29日,1166
4409,09月,1166
4410,1.15%,1165
4411,应付融资租赁款,1165
4412,1.32,1164
4413,四、持有至到期投资减值损失,1164
4414,"3,300,000.00",1164
4415,履约保函,1164
4416,吴有林及其夫人,1164
4417,副教授,1163
4418,1.38,1162
4419,股东）的分配,1162
4420,持有无限售,1162
4421,1.39,1162
4422,"105,000,000.00",1162
4423,董事兼总经理,1161
4424,保本,1161
4425,4.35,1161
4426,交通费,1160
4427,公允价值变动收益,1160
4428,首发限售股,1160
4429,业务宣传费,1159
4430,出资额,1159
4431,1.24%,1159
4432,工作调整,1159
4433,信托理财产品,1158
4434,18日,1157
4435,1.30,1156
4436,工程,1156
4437,分期收款销售商品,1156
4438,"900,000",1156
4439,3.17%,1156
4440,2019年10月25日,1155
4441,十、生产性生物资产减值损失,1155
4442,1.29,1155
4443,本科及以上,1154
4444,未到期应付利息,1154
4445,IPO稳定股价承诺,1153
4446,"540,000.00",1152
4447,性金融资产、衍生金融资产、交易性金融负债、衍生金融负债和其他债权投资取得的投资收益,1151
4448,二、本年期初,1151
4449,900,1151
4450,宁波市,1151
4451,04月,1150
4452,十一、油气资产减值损失,1150
4453,2017年11月,1149
4454,限责任公司,1149
4455,1.28%,1149
4456,其他资产,1149
4457,3年以内,1149
4458,2021年03月26日,1149
4459,减：一年内到期的长期借款,1148
4460,一、上年期末,1148
4461,人工费,1148
4462,关联方名称,1147
4463,2021年12月20日,1147
4464,交易金,1146
4465,国内销售,1145
4466,售后服务费,1144
4467,1.40%,1144
4468,股权取得比例（%）,1143
4469,2021年03月30日,1143
4470,期末余额(账面,1142
4471,其中：1.资金,1142
4472,惠州,1142
4473,佛山市,1142
4474,车辆使用费,1141
4475,2020年06月24日,1141
4476,"16,000",1140
4477,期投入,1140
4478,报告期内已行权股数,1140
4479,交易价格（万元）,1140
4480,中专及以下,1140
4481,应付暂收款,1140
4482,本期公允,1140
4483,2018年6月,1140
4484,1.43,1139
4485,河北,1139
4486,变更后的项目可行性发生重大变化的情况说明,1138
4487,境内上市外资股,1138
4488,股份有限公司,1138
4489,易金额,1137
4490,额的比,1137
4491,2020年12月21日,1137
4492,"72,000,000.00",1136
4493,2021年04月15日,1135
4494,新金融工具准则,1135
4495,2018年11月,1134
4496,浮动收,1134
4497,除同公司正常经营业务相关的有效套期保值业务外，持有交易性金融资产、衍生金融资产、交易性金融负债、衍生金融负债,1133
4498,9.50%,1133
4499,或合同履约成,1133
4500,"13,500,000.00",1133
4501,"1,020,000.00",1133
4502,1.21%,1132
4503,交通差旅费,1132
4504,反担保情况,1131
4505,1.80%,1131
4506,4.其他债权投资信用减值准,1131
4507,面价值,1131
4508,变更原因,1130
4509,捐赠支出,1129
4510,1.47,1129
4511,首发,1129
4512,名称办公地址,1129
4513,19%,1128
4514,"225,000.00",1128
4515,1.41,1127
4516,（六）应收款项融资,1126
4517,05月,1126
4518,同意,1126
4519,地方水利建设基金,1126
4520,1.45%,1126
4521,"720,000.00",1125
4522,2019年度股东大会,1124
4523,2019年11月29日,1124
4524,重组义务,1124
4525,关联交易金额,1123
4526,15%、25%,1123
4527,存出保证金,1123
4528,//,1123
4529,--发行的权益性证券的面值,1122
4530,董事会决议,1122
4531,董事、董事会秘书,1121
4532,备期末余额,1121
4533,房租,1120
4534,达标排放,1119
4535,丧失控制权之,1119
4536,1.56,1119
4537,资金拆借,1119
4538,1.52,1119
4539,1.60,1117
4540,1.32%,1117
4541,账面,1116
4542,1.29%,1116
4543,2021年05月20日,1116
4544,2019年12月25日,1116
4545,2.55%,1115
4546,伙）,1114
4547,湖南,1114
4548,10日,1113
4549,--非现金资产的账面价值,1113
4550,2021年08月31日,1113
4551,"330,000.00",1113
4552,批发和零售业,1113
4553,1.27%,1112
4554,异议事项具体情况（如有）,1112
4555,1.11%,1112
4556,其他地区,1112
4557,2020年12月29日,1112
4558,生产经营,1112
4559,应付工程款,1111
4560,主营业务分销售模式情况,1111
4561,马来西亚,1111
4562,"700,000",1110
4563,2021年10月22日,1110
4564,计入当期损益的政府补助（与公司正常经,1110
4565,1.56%,1109
4566,"60,000,000",1109
4567,水利基金,1108
4568,1.26,1108
4569,除同公司正常经营业务相关的有效套期保值业务外，持有交易性金融资产、交易性金融负债产生的公允价值变动损益，以及处置交易性金融资产交易性金融负债和可供出售金融资产取得的投资收益,1107
4570,2021年05月19日,1107
4571,项目可行,1107
4572,接受场地租赁服务（注1）,1107
4573,"380,000.00",1106
4574,2021年04月16日,1106
4575,东莞市,1105
4576,-0.02%,1104
4577,业务类型,1104
4578,煤炭,1104
4579,董事、副总经理、董事会秘书,1103
4580,2.03%,1103
4581,时间,1103
4582,1.23%,1102
4583,占其他应收款期,1102
4584,关/与收益,1102
4585,限制性股票,1102
4586,其他权益,1101
4587,1.40,1101
4588,2021年12月10日,1101
4589,股本）,1100
4590,1.38%,1100
4591,2020年05月22日,1100
4592,0.0641,1100
4593,1.61,1099
4594,照一定标准定额或定量持续享受的政府补,1099
4595,江西,1099
4596,1.46,1098
4597,高级管理人员,1098
4598,哈尔滨,1098
4599,2021年08月13日,1098
4600,85.00,1097
4601,研究生及以上,1096
4602,2020年05月19日,1096
4603,合同标的,1095
4604,销售额,1095
4605,分部间交易收入,1095
4606,01,1094
4607,1.36%,1094
4608,"25,500,000.00",1093
4609,--发行或承担的债务的账面价值,1093
4610,代垫款项,1093
4611,"28,000.00",1093
4612,2018年年度股本,1092
4613,1.70%,1092
4614,1.45,1092
4615,营业务密切相关，符合国家政策规定、按,1092
4616,税费用,1091
4617,折现率,1091
4618,汽车零部件,1091
4619,市场,1091
4620,2.05%,1090
4621,1.64,1090
4622,1.51,1090
4623,以公允价值计量且其变动计入其他综合收益,1090
4624,1.31%,1089
4625,所有,1089
4626,--或有对价,1089
4627,2020年12月28日,1089
4628,1.54%,1089
4629,会秘书,1088
4630,收益状况,1088
4631,截止报告期末累计实现的收益,1088
4632,分行,1088
4633,"8,000,000",1088
4634,南宁,1087
4635,上汽集团之子公司,1087
4636,毛利率比上年,1086
4637,其他行业,1086
4638,除同公司正常经营业务相关的有效套期保值业务外，持有交易性金融资产、交易性金融负债产生的公允价值变动损益，以及处置交易性金融资产、交易性金融负债和可供出售金融资产取得的投资收益,1086
4639,募集,1085
4640,港元,1085
4641,汇率变动,1084
4642,本期利息（万元）,1083
4643,2020年12月18日,1083
4644,设计产能,1082
4645,2021年05月21日,1082
4646,1.53,1082
4647,8.6064,1082
4648,1.48%,1081
4649,",000.0",1081
4650,2020年04月22日,1081
4651,报告期损益实际收回情况,1080
4652,其中：港币,1080
4653,1.65,1079
4654,建设银行,1079
4655,明,1078
4656,1.89%,1078
4657,1.39%,1078
4658,1.61%,1078
4659,26日,1077
4660,1.48,1077
4661,因从事国家鼓励和扶持特定行业、产,1077
4662,份数量,1076
4663,约定,1076
4664,1.75%,1076
4665,180,1075
4666,4.18%,1075
4667,高级副总裁,1074
4668,2019年04月19日,1074
4669,"24,000",1074
4670,1.62,1074
4671,1.44%,1073
4672,"900,000,000.00",1073
4673,1.67%,1073
4674,"390,000.00",1073
4675,首发前股份,1073
4676,减值准备期末,1072
4677,七、45,1072
4678,2018年10月,1072
4679,6.50%,1072
4680,审议通过,1072
4681,105,1071
4682,2018年9月,1071
4683,大额存单,1071
4684,诉讼(仲裁),1070
4685,参考年化收益率,1070
4686,权益比例,1070
4687,联系电话,1070
4688,已授权,1070
4689,2019年03月28日,1069
4690,1.73%,1069
4691,3.50,1069
4692,90%,1069
4693,140,1069
4694,2.65%,1068
4695,1.78,1067
4696,逾期未收回理财已计提减值金额,1066
4697,嘉兴,1064
4698,的情况,1063
4699,45.00,1063
4700,承诺投资项目和超募,1063
4701,"34,000,000.00",1063
4702,收回或,1063
4703,2019年05月17日,1062
4704,关联交易金额（万元）,1062
4705,计算机软件,1062
4706,4年,1062
4707,2021年12月16日,1062
4708,1.55,1061
4709,经营活动产生的现金流量净,1061
4710,1.59,1061
4711,开发成本,1060
4712,4.80%,1060
4713,1.63%,1059
4714,末余额合计数的,1059
4715,2019年12月13日,1059
4716,2020年12月24日,1059
4717,一到二年,1059
4718,1.46%,1058
4719,1.49,1058
4720,"40,000,000",1058
4721,0.89578,1057
4722,2018年度股东大会,1056
4723,12日,1056
4724,厦门市,1056
4725,农业银行,1055
4726,1.53%,1055
4727,产成品,1055
4728,产品销售,1055
4729,1.90%,1054
4730,资项目,1053
4731,进展,1053
4732,1.58%,1053
4733,本年金额,1053
4734,其他项目,1053
4735,转销或,1053
4736,1.55%,1052
4737,总经理助理,1052
4738,其他负债,1051
4739,D,1051
4740,划分为金融负债的优先股\永续债利息,1050
4741,检测费,1050
4742,2020年05月21日,1050
4743,900.00,1050
4744,动资金,1049
4745,2019年12月24日,1049
4746,建设中,1049
4747,助,1049
4748,21日,1048
4749,合并报表,1048
4750,占同类交易金额的比例,1047
4751,1.75,1047
4752,"65,000.00",1047
4753,七、18,1047
4754,未产生重大影响,1047
4755,5.50%,1046
4756,2021年12月17日,1046
4757,0.0003,1046
4758,计入其他收益的政府补助,1046
4759,可上市交易时间,1045
4760,2.25,1045
4761,102,1044
4762,2-5年,1044
4763,1.71,1044
4764,2019年11月28日,1044
4765,化工,1044
4766,"48,000.00",1044
4767,"1,200,000,000.00",1043
4768,1.98%,1043
4769,实业投资,1042
4770,建筑业,1041
4771,者权,1040
4772,"1,800",1040
4773,有限责任,1040
4774,担保是否已经履行完,1039
4775,价依据,1039
4776,控制权转移,1039
4777,执行董事兼经理,1038
4778,湖北武汉,1038
4779,巨潮,1038
4780,接受物业服务,1038
4781,3.18%,1037
4782,"200,000,000",1037
4783,23日,1037
4784,1.62%,1037
4785,2021年11月26日,1037
4786,2.74%,1036
4787,山东青岛,1036
4788,2020年第三次临时股东大会,1036
4789,托管费/出包费定,1036
4790,不以出售为目的,1036
4791,1.47%,1035
4792,1.60%,1035
4793,直接设立,1035
4794,报告期内已行权股数行权价格（元/股）,1034
4795,详见其他说明,1034
4796,承诺投,1033
4797,息税折旧摊销前利润,1033
4798,动收益,1033
4799,合同纠纷,1032
4800,折旧费用,1031
4801,动计入当期损益的金融,1031
4802,2019年12月12日,1031
4803,"3,600.00",1031
4804,国内先进,1031
4805,（3）其他,1030
4806,"240,000",1030
4807,福州市,1030
4808,直接投入,1029
4809,29日,1028
4810,1.52%,1028
4811,币种,1028
4812,预期无法收回,1028
4813,与本集团同受控股股东控制,1028
4814,1.51%,1027
4815,5.01%,1027
4816,综合收益的金额,1027
4817,2.48%,1027
4818,"52,000,000.00",1027
4819,汽车费用,1026
4820,1.49%,1026
4821,开工时间,1026
4822,"550,000,000.00",1026
4823,"39,000,000.00",1026
4824,罚款收入,1025
4825,资产的具体内容,1025
4826,光大银行,1025
4827,2.45%,1024
4828,1.43%,1024
4829,1.72%,1024
4830,减：所得,1023
4831,长春,1021
4832,112,1021
4833,08月,1021
4834,1.80,1021
4835,1.95%,1020
4836,2020年07月01日,1020
4837,2.64%,1020
4838,中信建投证券股份有限公司,1020
4839,[注2],1020
4840,益型,1020
4841,1.84%,1019
4842,本期确认的托管费/出包费,1019
4843,2019年年度,1019
4844,3.07%,1018
4845,谈论的主要内,1018
4846,"135,000,000.00",1018
4847,2021年12月15日,1018
4848,尚未到期,1018
4849,首次公开发行限售,1018
4850,3.03%,1017
4851,1．提取盈余公,1017
4852,2021年05月31日,1017
4853,泰国,1017
4854,4.50,1016
4855,1.57,1015
4856,"520,000.00",1014
4857,尚未使,1013
4858,1.58,1013
4859,2021年第三次临时股东大会,1012
4860,1.42%,1011
4861,受托机构（或受托人）类型,1011
4862,2018年8月,1011
4863,固定资产处置利得或损失,1011
4864,加拿大,1010
4865,1.70,1010
4866,行完毕,1010
4867,风电,1010
4868,1.68,1009
4869,预付对象,1009
4870,购买商品、接受劳务,1009
4871,1.97%,1009
4872,结算方式,1009
4873,1.96%,1009
4874,1.85%,1009
4875,"22,000.00",1008
4876,2.53%,1008
4877,预期收益（如有,1008
4878,非同一控制下企业合并取得的子公司,1008
4879,2021年04月02日,1007
4880,2.08%,1006
4881,定价原则,1006
4882,全额收回,1006
4883,广东省广州市,1006
4884,1.59%,1004
4885,1.76%,1004
4886,暂借款,1004
4887,7.14,1004
4888,1.0000,1004
4889,"140,000",1004
4890,销售货物或提供应税劳务,1003
4891,研发人员学历,1003
4892,二、计入当期损益的设定受益成本,1003
4893,2021年12月21日,1003
4894,医药制造,1003
4895,住宅及配套,1003
4896,1.54,1002
4897,3.08%,1002
4898,营业收入扣除金额（元）,1002
4899,(账面价值),1002
4900,49%,1002
4901,02,1002
4902,1.81,1001
4903,1.83%,1001
4904,"32,000.00",1001
4905,转入留存收益,1001
4906,七、47,1001
4907,税后归,1001
4908,119,1001
4909,3.01%,1000
4910,预期信用损失,1000
4911,2.18%,1000
4912,一年内到期的长期应收款,999
4913,内蒙古,999
4914,13日,998
4915,未来是否还有委托理财计划,998
4916,2.01%,998
4917,1.69,998
4918,尚未出资,998
4919,产量,997
4920,营业收入扣除后金额（元）,997
4921,租赁起始日,997
4922,2.78%,997
4923,4.40%,996
4924,2020年度股东大会,996
4925,保本型,995
4926,3.33,995
4927,160,995
4928,1.82%,995
4929,是否在公司关,995
4930,2.41%,995
4931,未确认融资费用,995
4932,股份有限,995
4933,宣告发,994
4934,[注],994
4935,监事长,994
4936,其他权益工具投,994
4937,2021年03月25日,993
4938,8.8903,993
4939,2.02%,993
4940,1.41%,993
4941,联方获取报酬,993
4942,3.02%,993
4943,1.66,993
4944,营业收入比上,992
4945,"31,000,000.00",992
4946,7.50%,992
4947,1.57%,991
4948,2.88%,991
4949,"9,800,000.00",991
4950,联系人,991
4951,"17,500,000.00",991
4952,1.89,991
4953,审理中,991
4954,101,990
4955,应付票据应付账款,990
4956,1.69%,990
4957,2020年04月15日,990
4958,首发前限售,990
4959,减：一年内到期的租赁负债,989
4960,董事、,989
4961,0.1,988
4962,容及提供的资,988
4963,22日,988
4964,"2,500,000",988
4965,108,988
4966,安徽合肥,988
4967,单项金额不重大但单独计提坏账准备的应收账款,987
4968,7.2,987
4969,1.74%,987
4970,1.93%,987
4971,2019年12月19日,987
4972,一、离职后福利-设定受益计划净负债,987
4973,未达到计划进度或预计收益的情况和原因(分具体项目),987
4974,主任,987
4975,广东省深圳市,987
4976,1.87%,986
4977,2.12%,986
4978,1.77,986
4979,指 标,986
4980,实际控制人报告期内控制的其他境内外上市公司的股权情况,985
4981,入金额,985
4982,源,985
4983,100.0%,985
4984,办公及其他设备,984
4985,3.04%,983
4986,2020年04月17日,983
4987,大连市,983
4988,其他变,982
4989,3.17,981
4990,1.73,981
4991,在审计中如何应对该事项,981
4992,1.87,981
4993,1.68%,980
4994,1.71%,980
4995,2018年1月,980
4996,工作需要,980
4997,的损益,979
4998,2020年12月23日,979
4999,药品销售,979
